Pair,Entry Year,Entry Date,Exit Date,Direction,Entry Spread,Exit Spread,Opt_Entry_Z,Opt_Exit_Z,Net PnL (bps),Holding Days,Exit Reason
JPY-AUD 10Y,2010,2010-09-03,2010-09-08,Short,0.011551834685529672,-0.005710351577492112,1.5,0.5,167.62186263021783,5,Mean Reversion
JPY-AUD 10Y,2016,2016-08-01,2016-08-08,Short,0.04961726097517895,0.020177669414362304,1.5,0.5,289.39591560816643,7,Mean Reversion
JPY-AUD 10Y,2022,2022-12-21,2022-12-23,Short,0.0355936005632399,-0.010961204070935426,1.5,0.5,460.54804634175326,2,Regime Shift (Forced)
JPY-AUD 10Y,2023,2023-03-13,2023-03-16,Long,-0.033528290137614325,-0.007799668718868336,1.5,0.5,252.2862141874599,3,Regime Shift (Forced)
JPY-AUD 10Y,2023,2023-04-06,2023-04-10,Short,0.01340073523409746,0.0026966167107079775,1.5,0.5,102.04118523389484,4,Mean Reversion
JPY-AUD 10Y,2023,2023-07-31,2023-08-03,Short,0.02070955795187368,0.005287171119908507,1.5,0.5,149.22386831965173,3,Mean Reversion
JPY-AUD 5Y,2016,2016-08-01,2016-08-08,Short,0.04984346758526206,0.016116693210211794,2.0,0.5,332.2677437505027,7,Mean Reversion
JPY-AUD 5Y,2016,2016-11-17,2016-11-18,Short,-0.0034851632208336147,-0.002087000392787225,2.0,0.5,-18.981628280463898,1,Mean Reversion
USD-EUR 10Y,2012,2012-01-06,2012-01-09,Short,0.004193345510675295,0.005172937943877853,1.5,0.5,-14.795924332025585,3,Mean Reversion
USD-EUR 10Y,2012,2012-03-14,2012-03-19,Short,0.039062763782605314,0.031195357404835145,1.5,0.5,73.67406377770169,5,Regime Shift (Forced)
USD-EUR 10Y,2012,2012-04-04,2012-04-05,Short,-0.0016449058637157954,-0.0005429953803974819,1.5,0.5,-16.019104833183135,1,Mean Reversion
USD-EUR 10Y,2012,2012-04-12,2012-04-17,Long,-0.01488791278938173,-0.0071515848033909535,1.5,0.5,72.36327985990776,5,Mean Reversion
USD-EUR 10Y,2012,2012-09-26,2012-09-27,Long,-0.010440666587810288,0.019096884492974864,1.5,0.5,290.3755108078515,1,Mean Reversion
USD-EUR 10Y,2013,2013-06-20,2013-06-27,Short,0.02674928654101083,-0.01135862281867861,1.5,0.5,376.0790935968944,7,Mean Reversion
USD-EUR 10Y,2013,2013-07-04,2013-07-10,Short,0.03242466442590519,0.010077664728729063,1.5,0.5,218.46999697176128,6,Regime Shift (Forced)
USD-EUR 10Y,2013,2013-08-02,2013-08-06,Short,-0.0153165868756866,-0.00908958697064599,1.5,0.5,-67.26999905040608,4,Mean Reversion
USD-EUR 10Y,2014,2014-09-08,2014-09-10,Short,0.018624877389417316,-0.010595972291731037,1.5,0.5,287.20849681148354,2,Mean Reversion
USD-EUR 10Y,2014,2014-12-05,2014-12-08,Long,0.011978224243519908,0.02611698747637936,1.5,0.5,136.38763232859452,3,Mean Reversion
USD-EUR 10Y,2016,2016-01-08,2016-01-12,Long,-0.042188296736839825,-0.04695909314005903,1.5,0.5,-52.70796403219202,4,Mean Reversion
USD-EUR 10Y,2016,2016-01-13,2016-01-27,Long,-0.055548309043093436,0.00020507259315194482,1.5,0.5,552.5338163624538,14,Mean Reversion
USD-EUR 10Y,2016,2016-02-03,2016-02-04,Long,0.009794352796055089,-0.03974100809059719,1.5,0.5,-500.3536088665228,1,Mean Reversion
USD-EUR 10Y,2016,2016-02-11,2016-02-15,Long,-0.03867384187091838,0.010036214434484686,1.5,0.5,482.10056305403066,4,Mean Reversion
USD-EUR 10Y,2016,2016-03-02,2016-03-09,Short,0.02512412536354633,0.0004727235296531074,1.5,0.5,241.5140183389322,7,Mean Reversion
USD-EUR 10Y,2017,2017-03-13,2017-03-14,Long,0.012974434384030953,0.00608391021027993,1.5,0.5,-73.90524173751022,1,Mean Reversion
USD-EUR 10Y,2017,2017-03-16,2017-03-27,Long,-0.02393782362731567,-0.031069885499643513,1.5,0.5,-76.32061872327844,11,Mean Reversion
USD-EUR 10Y,2017,2017-04-10,2017-04-13,Short,0.03624216147729553,-0.035319707079471296,1.5,0.5,710.6186855676683,3,Regime Shift (Forced)
USD-EUR 10Y,2017,2017-04-13,2017-04-18,Long,-0.035319707079471296,-0.048737671316068376,1.5,0.5,-139.1796423659708,5,Mean Reversion
USD-EUR 10Y,2018,2018-01-01,2018-01-03,Long,-0.02879538137864268,0.0015663564410217101,1.5,0.5,298.6173781966439,2,Mean Reversion
USD-EUR 10Y,2018,2018-01-10,2018-01-11,Short,-0.009558974993146396,-0.0401015568410899,1.5,0.5,300.42581847943507,1,Mean Reversion
USD-EUR 10Y,2018,2018-01-12,2018-01-17,Long,-0.019185663681910936,0.032729973949731594,1.5,0.5,514.1563763164253,5,Mean Reversion
USD-EUR 10Y,2018,2018-01-19,2018-01-24,Short,0.05467610130297729,0.007814857882335935,1.5,0.5,463.6124342064135,5,Mean Reversion
USD-EUR 10Y,2018,2018-02-02,2018-02-09,Short,0.03365602151185232,0.030739594360978617,1.5,0.5,24.164271508737016,7,Mean Reversion
USD-EUR 10Y,2018,2018-02-15,2018-02-20,Short,0.029305407138454642,0.012376723185986371,1.5,0.5,164.2868395246827,5,Mean Reversion
USD-EUR 10Y,2018,2018-02-22,2018-02-27,Short,0.02919394930506658,0.01017702586551572,1.5,0.5,185.1692343955086,5,Mean Reversion
USD-EUR 10Y,2018,2018-12-20,2018-12-21,Long,-0.005442266153800529,-0.02887335286971318,1.5,0.5,-239.31086715912653,1,Mean Reversion
USD-EUR 10Y,2019,2019-07-15,2019-07-17,Long,-0.018977269719300582,-0.012578626955837224,1.5,0.5,58.98642763463358,2,Mean Reversion
USD-EUR 10Y,2019,2019-07-24,2019-08-01,Short,0.027675990435753084,-0.07058904080244827,1.5,0.5,977.6503123820135,8,Mean Reversion
USD-EUR 10Y,2019,2019-08-02,2019-08-08,Long,-0.047661679519459876,-0.0187332904486176,1.5,0.5,284.28389070842275,6,Regime Shift (Forced)
USD-EUR 10Y,2019,2019-08-13,2019-08-16,Long,0.025466015446999002,-0.009249492409760474,1.5,0.5,-352.1550785675947,3,Mean Reversion
USD-EUR 10Y,2019,2019-09-11,2019-09-19,Short,0.04972030773643288,-0.002113812748056665,1.5,0.5,513.3412048448954,8,Mean Reversion
USD-EUR 10Y,2019,2019-10-02,2019-10-14,Long,-0.07333876078264678,0.012585120798025318,1.5,0.5,854.238815806721,12,Mean Reversion
USD-EUR 10Y,2019,2019-10-17,2019-10-18,Long,-0.005744887716739866,-0.02671753906678276,1.5,0.5,-214.72651350042892,1,Mean Reversion
USD-EUR 10Y,2020,2020-01-10,2020-01-15,Long,-0.048003239224735095,-0.03310184953851636,1.5,0.5,144.01389686218735,5,Regime Shift (Forced)
USD-EUR 10Y,2020,2020-02-24,2020-02-27,Long,-0.061529001051451315,-0.04217280372605092,1.5,0.5,188.56197325400393,3,Regime Shift (Forced)
USD-EUR 10Y,2020,2020-02-28,2020-03-03,Long,-0.044068353480788636,-0.11257059187139651,1.5,0.5,-690.0223839060787,4,Mean Reversion
USD-EUR 10Y,2020,2020-07-14,2020-07-15,Long,-0.0067631044778819205,-0.00127266775152729,1.5,0.5,49.904367263546305,1,Mean Reversion
USD-EUR 10Y,2020,2020-09-07,2020-09-09,Short,0.028337006761370243,0.004238821585579977,1.5,0.5,235.98185175790266,2,Regime Shift (Forced)
USD-EUR 10Y,2020,2020-10-06,2020-10-07,Short,0.00767718838305248,0.03285705381355686,1.5,0.5,-256.7986543050438,1,Mean Reversion
USD-EUR 10Y,2020,2020-10-09,2020-10-13,Short,0.02374487480943699,-0.00697171549417408,1.5,0.5,302.1659030361107,4,Regime Shift (Forced)
USD-EUR 10Y,2022,2022-04-27,2022-05-04,Long,0.05619936034684214,-0.020630208745628043,1.5,0.5,-773.2956909247018,7,Mean Reversion
USD-EUR 10Y,2022,2022-09-23,2022-09-26,Short,-0.007198470371272414,0.0735545442650718,1.5,0.5,-812.5301463634421,3,Mean Reversion
USD-EUR 10Y,2022,2022-10-18,2022-10-19,Short,0.009342672425793452,0.027261425712589826,1.5,0.5,-184.18753286796374,1,Mean Reversion
USD-EUR 10Y,2022,2022-10-21,2022-10-24,Short,0.00970034032467959,0.05035397392682617,1.5,0.5,-411.5363360214658,3,Mean Reversion
USD-EUR 10Y,2022,2022-10-25,2022-10-27,Short,0.025118521423051376,0.020234143182023434,1.5,0.5,43.843782410279424,2,Mean Reversion
USD-EUR 10Y,2022,2022-11-11,2022-11-15,Long,-0.08983033358819847,-0.03412456850210144,1.5,0.5,552.0576508609704,4,Regime Shift (Forced)
USD-EUR 10Y,2022,2022-12-14,2022-12-16,Long,-0.03961021374547502,-0.04289527100181001,1.5,0.5,-37.850572563349886,2,Regime Shift (Forced)
USD-EUR 10Y,2023,2023-01-09,2023-01-11,Long,-0.03664142673953674,-0.005482034245321898,1.5,1.0,306.5939249421484,2,Mean Reversion
USD-EUR 10Y,2023,2023-01-13,2023-01-16,Long,0.008566817356966627,0.0021845563862372686,1.5,1.0,-68.8226097072936,3,Mean Reversion
USD-EUR 10Y,2023,2023-01-19,2023-01-23,Long,-0.02327124650581691,0.004311954992232581,1.5,1.0,270.83201498049493,4,Mean Reversion
USD-EUR 10Y,2023,2023-02-02,2023-02-08,Long,0.02893289131600163,-0.024850776020740817,1.5,1.0,-542.8366733674245,6,Mean Reversion
USD-EUR 10Y,2023,2023-03-13,2023-03-14,Long,-0.005158467949774703,0.000775585601850759,1.5,1.0,54.34053551625462,1,Mean Reversion
USD-EUR 10Y,2023,2023-04-05,2023-04-06,Long,-0.01488577079182618,-0.010071268618276896,1.5,1.0,43.14502173549285,1,Mean Reversion
USD-EUR 10Y,2023,2023-04-13,2023-04-14,Long,0.005601313784825868,0.014389834553729663,1.5,1.0,82.88520768903795,1,Mean Reversion
USD-EUR 10Y,2023,2023-04-18,2023-04-19,Short,0.003553544295664457,-0.0027460165805375247,1.5,1.0,57.99560876201981,1,Mean Reversion
USD-EUR 10Y,2024,2024-02-14,2024-02-16,Short,0.02219109550362308,-0.0019366492663031032,1.5,1.0,236.27744769926184,2,Mean Reversion
USD-EUR 10Y,2024,2024-04-11,2024-04-15,Short,0.02978517598380659,0.011918321957122835,1.5,1.0,173.66854026683754,4,Regime Shift (Forced)
USD-EUR 10Y,2024,2024-04-15,2024-04-16,Short,0.011918321957122835,0.011797470265082488,1.5,1.0,-3.7914830795965315,1,Mean Reversion
USD-EUR 10Y,2024,2024-11-25,2024-11-27,Short,-0.02446390283789146,0.00039267366694240025,1.5,1.0,-253.56576504833862,2,Mean Reversion
USD-EUR 5Y,2011,2011-01-06,2011-01-07,Short,-0.009580051662413824,-0.037190178673214724,1.5,1.0,271.101270108009,1,Mean Reversion
USD-EUR 5Y,2011,2011-01-10,2011-01-12,Long,-0.04120949011221664,-0.09038067478677592,1.5,1.0,-496.71184674559277,2,Mean Reversion
USD-EUR 5Y,2011,2011-03-02,2011-03-03,Long,0.014422414466456202,0.00030961498100245954,1.5,1.0,-146.1279948545374,1,Mean Reversion
USD-EUR 5Y,2011,2011-03-07,2011-03-08,Long,-0.010372747999556564,-0.0031952695457957425,1.5,1.0,66.77478453760821,1,Mean Reversion
USD-EUR 5Y,2011,2011-03-11,2011-03-14,Long,0.002027294288606152,-0.034524398647902466,1.5,1.0,-370.5169293650862,3,Mean Reversion
USD-EUR 5Y,2011,2011-03-25,2011-03-28,Short,0.02007872119018006,0.013706291526062175,1.5,1.0,58.724296641178846,3,Mean Reversion
USD-EUR 5Y,2011,2011-04-13,2011-04-15,Long,-0.02567405550591295,-0.028476886540455437,1.5,1.0,-33.028310345424856,2,Mean Reversion
USD-EUR 5Y,2011,2011-05-11,2011-05-12,Short,-0.010751068127485164,0.010253037572107493,1.5,1.0,-215.04105699592657,1,Mean Reversion
USD-EUR 5Y,2011,2011-06-02,2011-06-03,Long,-0.002539943796586064,-0.043108381556821396,1.5,1.0,-410.6843776023533,1,Mean Reversion
USD-EUR 5Y,2011,2011-06-06,2011-06-07,Long,-0.013128980158316761,-0.026519600005671107,1.5,1.0,-138.90619847354347,1,Mean Reversion
USD-EUR 5Y,2011,2011-06-15,2011-06-17,Short,-0.025740765271744515,-0.018838953021818483,1.5,1.0,-74.01812249926031,2,Mean Reversion
USD-EUR 5Y,2011,2011-07-13,2011-07-18,Long,-0.0229178285520919,0.005682017461364319,1.5,1.0,280.9984601345622,5,Mean Reversion
USD-EUR 5Y,2011,2011-12-22,2011-12-28,Short,0.029093081265160137,-0.016891865560176522,1.5,1.0,454.8494682533666,6,Regime Shift (Forced)
USD-EUR 5Y,2013,2013-10-31,2013-11-06,Short,0.06744164898136751,-0.014960349633338588,1.5,1.0,819.019986147061,6,Mean Reversion
USD-EUR 5Y,2013,2013-11-11,2013-11-14,Short,0.03851373121180113,-0.019454531372367134,1.5,1.0,574.6826258416826,3,Mean Reversion
USD-EUR 5Y,2013,2013-12-20,2013-12-27,Short,0.05216436356351728,-0.025505339876101374,1.5,1.0,771.6970343961865,7,Regime Shift (Forced)
USD-EUR 5Y,2014,2014-09-03,2014-09-08,Short,-0.030279059405221603,0.02741936391081437,1.5,1.0,-581.9842331603597,5,Mean Reversion
USD-EUR 5Y,2014,2014-09-11,2014-09-16,Short,0.039774093540582506,0.0015766511392515947,1.5,1.0,376.9744240133091,5,Mean Reversion
USD-EUR 5Y,2014,2014-12-08,2014-12-10,Short,0.06370242163998156,-0.029622040673095318,1.5,1.0,928.2446231307688,2,Mean Reversion
USD-EUR 5Y,2016,2016-03-14,2016-03-15,Short,0.0186367126873625,0.011533421665186477,1.5,1.0,66.03291022176023,1,Mean Reversion
USD-EUR 5Y,2016,2016-03-17,2016-03-22,Long,-0.032750277521653715,0.028800234213809534,1.5,1.0,610.5051173546325,5,Mean Reversion
USD-EUR 5Y,2016,2016-03-30,2016-04-01,Long,-0.0533038469047753,-0.046409098970368656,1.5,1.0,63.94747934406642,2,Regime Shift (Forced)
USD-EUR 5Y,2016,2016-05-18,2016-05-23,Short,0.0867957253203212,0.020890430099046786,1.5,1.0,654.0529522127442,5,Mean Reversion
USD-EUR 5Y,2016,2016-05-25,2016-05-27,Short,0.03706904365356278,0.027659609444779132,1.5,1.0,89.09434208783651,2,Mean Reversion
USD-EUR 5Y,2016,2016-06-16,2016-06-17,Long,-0.0011643428988697968,0.012986398531689924,1.5,1.0,136.50741430559722,1,Mean Reversion
USD-EUR 5Y,2022,2022-04-20,2022-04-22,Short,0.03554051040511752,-0.04585058141413545,1.5,1.0,808.9109181925297,2,Mean Reversion
USD-EUR 5Y,2022,2022-04-27,2022-04-29,Long,0.05606896845849069,0.03627887168570043,1.5,1.0,-202.90096772790255,2,Mean Reversion
USD-EUR 5Y,2022,2022-05-03,2022-05-06,Short,0.03147046465145442,-0.012254403844171646,1.5,1.0,432.24868495626066,3,Mean Reversion
USD-EUR 5Y,2022,2022-09-23,2022-09-26,Short,0.013868825998276879,0.07929570768935723,1.5,1.0,-659.2688169108035,3,Mean Reversion
USD-EUR 5Y,2022,2022-10-21,2022-10-24,Short,-0.02103486313066827,0.0268252892814409,1.5,1.0,-483.6015241210917,3,Mean Reversion
USD-EUR 5Y,2022,2022-11-02,2022-11-04,Short,0.022882804441541005,-0.041188271537803356,1.5,1.0,635.7107597934436,2,Mean Reversion
USD-EUR 5Y,2022,2022-11-07,2022-11-08,Long,-0.01851497927373935,-0.03773621709480657,1.5,1.0,-197.21237821067217,1,Mean Reversion
USD-EUR 5Y,2022,2022-11-09,2022-11-10,Long,0.0010509224503931769,-0.08242973629205275,1.5,1.0,-839.8065874244593,1,Mean Reversion
USD-EUR 5Y,2022,2022-11-11,2022-11-15,Long,-0.10618472753357588,-0.05154457529458889,1.5,1.0,541.4015223898699,4,Regime Shift (Forced)
USD-EUR 5Y,2022,2022-12-14,2022-12-16,Long,-0.04707520444824276,-0.05425366203052162,1.5,1.0,-76.78457582278864,2,Regime Shift (Forced)
USD-EUR 5Y,2023,2023-01-09,2023-01-11,Long,-0.04626640423085604,-0.008120770324611781,1.5,1.0,376.45633906244257,2,Mean Reversion
USD-EUR 5Y,2023,2023-01-13,2023-01-16,Long,0.005783125030928149,0.0060282059034413304,1.5,1.0,-2.5491912748681855,3,Mean Reversion
USD-EUR 5Y,2023,2023-01-19,2023-01-23,Long,-0.025728781911802612,0.0195872479930157,1.5,1.0,448.1602990481831,4,Mean Reversion
USD-EUR 5Y,2023,2023-02-02,2023-02-03,Long,0.019097617636902653,0.062838848227871,1.5,1.0,432.4123059096835,1,Mean Reversion
USD-EUR 5Y,2023,2023-02-06,2023-02-08,Short,0.07789873185442686,-0.010904223562680837,1.5,1.0,883.0295541710769,2,Mean Reversion
USD-EUR 5Y,2023,2023-02-10,2023-02-14,Short,0.025063597737766674,0.016265030438798123,1.5,1.0,82.98567298968551,4,Mean Reversion
USD-EUR 5Y,2023,2023-03-09,2023-03-15,Short,-0.040735052006922956,-0.028056819938173216,1.5,1.0,-131.7823206874974,6,Mean Reversion
USD-EUR 5Y,2023,2023-04-04,2023-04-06,Long,-0.05875588317459779,-0.008142262368380004,1.5,1.0,501.13620806217784,2,Mean Reversion
USD-EUR 5Y,2023,2023-04-13,2023-04-14,Long,-0.00824190242502354,0.02216960197173945,1.5,1.0,299.1150439676299,1,Mean Reversion
USD-EUR 5Y,2023,2023-04-18,2023-04-19,Short,0.0034560421729648017,-0.0016089306337991882,1.5,1.0,45.6497280676399,1,Mean Reversion
USD-EUR 5Y,2023,2023-04-26,2023-04-27,Long,0.008433309422219981,0.02945788398701832,1.5,1.0,205.24574564798337,1,Mean Reversion
USD-EUR 5Y,2024,2024-02-14,2024-02-15,Short,0.017788105052078507,-0.015881298095971275,1.5,1.0,331.6940314804978,1,Mean Reversion
USD-EUR 5Y,2024,2024-03-04,2024-03-05,Long,0.005947185851350234,0.0008406805961689301,1.5,1.0,-56.06505255181304,1,Mean Reversion
USD-EUR 5Y,2024,2024-04-11,2024-04-15,Short,0.03477697343695629,0.00808473043200797,1.5,1.0,261.92243004948324,4,Regime Shift (Forced)
USD-EUR 5Y,2024,2024-04-15,2024-04-16,Short,0.00808473043200797,0.018376756356798918,1.5,1.0,-107.92025924790948,1,Mean Reversion
