regime_prob_0,regime_prob_1,regime_prob_2,regime_prob_3,regime_most_likely
7.144527929830657e-47,1.452527702564709e-163,1.0,8.792331235902015e-156,2
0.008950674752304771,4.2314729201823163e-13,0.9910491780866293,1.4716090912038923e-07,2
0.018583466901611934,4.008057571110576e-12,0.9814164732710183,5.982320844145269e-08,2
0.1862188903633086,5.243386649206057e-13,0.8137804069840373,7.026524461085263e-07,2
0.9235471002385548,4.4722869915629436e-11,0.07645241793235812,4.817842451993984e-07,0
0.955582112477367,1.311965738629476e-12,0.04418116161168113,0.00023672590925247452,0
0.9012508584043532,3.3521627625279938e-12,0.09874869511228943,4.4648006520488354e-07,0
0.9411366288600482,2.1074697792815448e-14,0.05885926386744763,4.1072726557868945e-06,0
0.8404718387401261,4.243388906756779e-12,0.15952591366320737,2.2475922180769117e-06,0
0.7962296654879806,1.3159025857155401e-11,0.2037621795995386,8.154899530669626e-06,0
0.6177951194208952,2.4859924641415066e-10,0.382148035467549,5.6844863174036465e-05,0
0.32398804944855014,4.4922396571512254e-11,0.6759015235513568,0.00011042695562298214,0
0.01605823916689885,2.98883525922821e-09,0.9838989459917117,4.2811852423760824e-05,2
0.0039796761580388204,6.87113512918712e-08,0.9958949563610004,0.00012529876953461743,2
0.021399219284787486,7.345659720934169e-08,0.9781316285059808,0.00046907875253166296,2
0.008649812968623464,4.075944536839565e-10,0.991066144777405,0.0002840418461704002,2
0.0002849552183178273,2.375853840642871e-09,0.9997018229107881,1.3219495464246796e-05,2
0.00033189058381372067,2.2159301538777796e-08,0.9996460776258038,2.200963093236687e-05,2
2.601325381852025e-05,5.541557888508402e-07,0.999883087286406,9.034530372629326e-05,2
5.289677948466157e-05,9.170302551992352e-07,0.9996164576281231,0.0003297285624912061,2
3.450792242851874e-05,2.3951500132176902e-06,0.9993785627612216,0.0005845341667547139,2
0.0002736540835605561,9.148405541909846e-07,0.9986681827631104,0.0010572483128923047,2
0.00018007378780118157,1.734682439665189e-07,0.9992673063771876,0.0005524463665154965,2
0.000222299653187255,3.83013479503845e-08,0.9995653861933642,0.0002122758521394643,2
3.360985068822416e-05,9.050030079954281e-08,0.9998959105394591,7.038910926011436e-05,2
7.018610556194658e-05,1.6207501115623453e-07,0.9998361395543647,9.35122649563735e-05,2
5.001310105686972e-05,1.3863199354075382e-07,0.9998849295861739,6.491868121187199e-05,2
8.99462897813066e-05,3.8231700256078804e-08,0.9998426890543557,6.732642417436211e-05,2
3.8032787379926116e-05,2.656086255386344e-08,0.9999255080981769,3.643255396796037e-05,2
0.0004703546282533072,2.3826956228336366e-09,0.999510059824625,1.9583164814920225e-05,2
0.00037223507545009734,2.2277025286803793e-09,0.9996187902627744,8.972433947704018e-06,2
0.00010846444654817788,1.0071047932031224e-07,0.9998590339050374,3.240093767194198e-05,2
6.582707533826693e-05,2.5516823678571897e-07,0.9998709717040472,6.294605222896638e-05,2
0.00035183646915163926,1.2945631606103385e-06,0.9989825808002252,0.0006642881673807517,2
0.0004682618426777245,3.0339677843667218e-06,0.9967916521430092,0.0027370520461682227,2
0.00022945641056574355,6.537303190864612e-06,0.9929551898170577,0.006808816469271503,2
0.0003063499991036517,4.362903498644196e-05,0.9776539116696645,0.021996109295832966,2
9.734541902653515e-05,0.00012894787401533593,0.9552188356224254,0.04455487108436836,2
0.00017160097402312178,0.0002988066664420228,0.9008665503750788,0.09866304198444965,2
0.0005037780553568528,0.0005658834964813522,0.7836259780718514,0.21530436037608103,2
0.0015131601292611232,0.0002452079738300589,0.4745418474567762,0.5236997844398126,3
0.00048054428440059955,0.0008423859317929917,0.3057121402178092,0.6929649295657578,3
9.65690659288378e-05,0.003789909262048743,0.07168722785774306,0.924426293814345,3
3.627667071671007e-05,0.0007672470346152988,0.010659621621411134,0.9885368546732937,3
0.0005450932816319542,5.247664347646515e-07,0.0012530546585334621,0.9982013272934075,3
6.23753955354908e-05,3.6235441431871365e-06,0.04742401919717512,0.9525099818635779,3
0.0001615310564822096,9.119873816725239e-07,0.2961676926367571,0.7036698643197724,3
0.0003953952060648147,8.908411946763669e-08,0.9499487978053215,0.049655717904563246,2
0.00032923711867791186,2.169697459137823e-08,0.9921850337317664,0.00748570745241485,2
0.0027364450051132346,6.0722099062820914e-09,0.9948639516342697,0.0023995972883590648,2
8.84749697648819e-05,1.2129005382126628e-08,0.9996789772717775,0.00023253562970676115,2
3.4880502027294435e-05,3.738250856235218e-08,0.9999039483175975,6.113379788647697e-05,2
0.0002783315558247772,4.017014769213698e-08,0.9996802262416248,4.140203244426403e-05,2
0.00012826083350213257,6.379336668684377e-08,0.9998227385879122,4.8936785317808525e-05,2
0.00015240543800681372,3.432362985927138e-07,0.9997584754543629,8.87758714846779e-05,2
0.0007412714775134923,2.4554877743016373e-08,0.9990317248577717,0.00022697911018294923,2
0.00043544739601005515,1.8376082588382157e-08,0.9993871106035551,0.00017742362476197107,2
0.00024975847550882404,3.048964546960868e-08,0.999654847825238,9.536320954958785e-05,2
0.0004837790670916739,1.4774313013900968e-08,0.9994212785972558,9.492756122894322e-05,2
0.00014656693304834865,6.648201148896193e-08,0.9998037336705463,4.96329144122875e-05,2
0.0004094064160371909,9.095860435766752e-08,0.999529065210394,6.143741485159588e-05,2
9.884926469590388e-05,6.649218134590651e-06,0.9996554195755591,0.00023908194176275167,2
8.123722882431405e-05,0.0006051488251138939,0.9978070181464463,0.001506595799260696,2
9.008035008500347e-05,0.03582004077596599,0.9448851980098147,0.019204680864527028,2
1.637678165381828e-05,0.7444926691813809,0.15976847707053687,0.09572247696676922,1
8.734885406526404e-08,0.8911456048827475,0.024552758948376812,0.08430154881984307,1
9.783262933777049e-08,0.9062511743937904,0.008856642149707484,0.08489208562364187,1
2.6030737170169384e-08,0.9161155286832494,0.0029706719260746022,0.08091377335960107,1
4.303724321451573e-09,0.938757200874591,0.0009332928178827198,0.06030950200348148,1
4.3715828492066275e-09,0.9506259450103361,0.0006372442738729809,0.04873680634395355,1
1.1860532421254592e-08,0.9585537266012182,0.0005072486906216009,0.040939012847464255,1
1.919503127457664e-09,0.9686800497755377,0.0003528547804817413,0.03096709352411385,1
5.666989772220265e-11,0.9890533162719377,1.3828752003387089e-05,0.010932854919426613,1
3.940431810944268e-12,0.998787522415058,1.670767710742163e-05,0.0011957699036725066,1
8.838291114203078e-13,0.9996158261765113,3.883727385508953e-06,0.0003802900956454252,1
4.8694149378473894e-14,0.9999705048287777,3.7828812815395016e-07,2.9116882980550185e-05,1
7.945311698696263e-16,0.999992960523962,4.317412999746058e-08,6.996301639428024e-06,1
2.3345944434901443e-16,0.9999940226276907,6.196775072263717e-09,5.9711751763166745e-06,1
3.646202258855665e-15,0.999955299570061,3.6365321456266985e-09,4.469679367457982e-05,1
1.7671241292779792e-14,0.9999718527101896,6.292912502374753e-08,2.8084361053485674e-05,1
2.6918060482024106e-14,0.9998621885969554,2.012909700931584e-08,0.00013779127363265734,1
1.0406984815850621e-13,0.9997382755242878,1.9855549594245418e-08,0.00026170462037793986,1
4.0071182736776815e-16,0.9999864240583741,1.3182178928221807e-07,1.3444119508724005e-05,1
6.983394765980252e-19,0.9999996802208045,1.9976789108867173e-09,3.177815047470731e-07,1
5.502001021507321e-21,0.9999998987914347,2.899251845565021e-11,1.0117955755282923e-07,1
8.200708468240161e-22,0.9999999532919912,8.02496458967009e-12,4.6699606490874083e-08,1
8.48731385076729e-22,0.9999995120425691,8.162413174742599e-12,4.879490575430272e-07,1
1.0218031853658675e-21,0.9999999750634746,1.4279360518815952e-11,2.492202424805776e-08,1
6.402769187936711e-21,0.9999992998594003,2.42827157140237e-13,7.001401377357702e-07,1
4.887852666208217e-23,0.9999999952724465,1.9756821004834006e-11,4.707454027145947e-09,1
1.3505893661884983e-24,0.9999999875935829,5.081457988119182e-13,1.2405456416078881e-08,1
1.7939432761257143e-24,0.9999999906685844,1.202737601266287e-12,9.330228217510573e-09,1
1.2282421016794286e-24,0.9999999986557668,4.2167942673798214e-13,1.343412640646924e-09,1
6.838942643351956e-26,0.9999999970350473,6.184680044574353e-13,2.9644142393736613e-09,1
1.1328198445844923e-24,0.9999999852288967,5.144848220168198e-13,1.4770663133706585e-08,1
6.265470388426973e-26,0.9999999988885975,7.144636732763365e-13,1.110825465530487e-09,1
7.569565422785476e-27,0.9999999995743565,1.0508418130668736e-13,4.25792480020817e-10,1
4.260339136705542e-27,0.9999999980191205,2.50892167390066e-13,1.980926210123246e-09,1
6.12942595482252e-26,0.9999999982310328,2.6763721486650205e-13,1.7686685942884935e-09,1
1.1312545738421293e-24,0.9999999928013494,4.583789915809464e-13,7.198628890201752e-09,1
4.456682785062082e-24,0.9999999848732842,1.3577257526871696e-12,1.5125025053294515e-08,1
8.514240071970338e-24,0.9999999872861737,1.8017437188088513e-12,1.2711723379833004e-08,1
1.5635267824082417e-24,0.9999999770225261,1.0086666366530618e-12,2.2976537775504664e-08,1
1.5561627979794242e-25,0.9999999996753104,4.952072759898786e-13,3.2377311471761334e-10,1
1.1805473721203888e-28,0.9999999999599822,1.6859968290402412e-13,3.9579261499526114e-11,1
3.4732472720468166e-28,0.9999999998435669,2.574455345215913e-13,1.561167049197723e-10,1
2.1561683723083483e-25,0.9999999911233317,4.470602770947969e-13,8.875845378036364e-09,1
1.2247521692011938e-25,0.9999999980673238,9.024971708932157e-13,1.9321752868365505e-09,1
6.787359649073497e-27,0.9999999994752216,1.1533156806777173e-13,5.245196601144526e-10,1
1.6807420567098163e-27,0.999999999483407,2.625988242081669e-13,5.16139180623594e-10,1
8.945387648513205e-28,0.9999999994897735,8.087435899754966e-14,5.103673995051132e-10,1
4.484946378450564e-28,0.9999999999599822,2.2732848927785525e-13,3.9809482063520325e-11,1
7.14760264817076e-29,0.9999999985520844,3.3876698756312014e-13,1.4476716889903885e-09,1
1.0677126066692666e-27,0.99999999990996,5.431811423384494e-14,8.9915348574722e-11,1
7.548783430281023e-26,0.9999998042440176,1.295912437037702e-13,1.9575614611289938e-07,1
3.4753399166835904e-25,0.9999999996698534,2.8155130125757473e-12,3.269285982894207e-10,1
2.8402546390636464e-28,0.9999999998299245,1.4652260259749182e-13,1.7032790798387003e-10,1
7.857694364099177e-28,0.9999999994315658,1.8424463908775355e-13,5.682319559748712e-10,1
9.201737029023119e-26,0.99999999724605,7.380634690627543e-14,2.754195651305039e-09,1
9.79204095455451e-26,0.999999998459316,5.378936395866784e-13,1.5405741733151525e-09,1
6.116944769721087e-26,0.9999999964838935,3.721685839003938e-13,3.515544206202446e-09,1
5.6456065393348866e-24,0.999999961508366,4.2854336071007535e-13,3.849134798261984e-08,1
1.7740986155017223e-22,0.9999999573083196,4.420425552743054e-12,4.268705333739065e-08,1
2.428080024508358e-22,0.999999937666873,4.638221473429414e-12,6.232870485859034e-08,1
1.9009226625820152e-21,0.9999999013734899,8.967055038005562e-12,9.861712711187867e-08,1
3.165023837936805e-19,0.9999989865460199,2.6786863445220294e-11,1.0134272211231504e-06,1
5.445838262058044e-17,0.9999777497306914,4.679466670831785e-10,2.2249801133092746e-05,1
1.3349867511409434e-15,0.9999711970250177,8.746866770563844e-09,2.879422854595377e-05,1
8.859665095620973e-17,0.9999981909093542,1.1451338554500624e-08,1.79763919215488e-06,1
3.071008136740336e-18,0.9999975456942698,1.0749671721263756e-09,2.4532308780972034e-06,1
4.1948653288006096e-18,0.999999031799703,5.258100791874078e-10,9.67674331610836e-07,1
1.0185069975190314e-17,0.9999970901332336,3.407778059367012e-10,2.909525927936271e-06,1
3.623691738297357e-15,0.9998967803618716,1.4739753740801717e-09,0.00010321816373519562,1
5.193861117737758e-13,0.9983701266565225,2.2579631559358346e-08,0.0016298507631923016,1
8.432994703769834e-12,0.9774915770300626,1.5201667846281205e-07,0.022508270945143693,1
2.888543470484695e-10,0.8054784831712818,4.776001664560305e-07,0.19452103893988223,1
4.2812434909213225e-09,0.6982183937295743,2.3062570995343086e-05,0.30175853941799724,1
1.7259473411555532e-08,0.3203301805491408,3.891498645802976e-05,0.6796308872050554,3
2.2347929504579973e-07,0.20166500579805122,0.002790930461806779,0.7955438402611654,3
7.75291485297214e-06,0.06595399033580358,0.0377772574648857,0.8962609992841342,3
8.375513826372994e-06,0.016440833818761803,0.1480289089644819,0.8355218817029555,3
2.112431154036199e-05,0.0020326452291393065,0.2670065036192493,0.7309397268399997,3
6.986804498367637e-05,0.00025719297626161403,0.48745579711568393,0.5122171418632452,3
2.5748447101861974e-05,5.121464711979404e-05,0.7678094098569026,0.23211362704853614,2
0.00038583078057782827,5.336325572396398e-07,0.8978441875272457,0.10176944805956738,2
0.0002567792413851406,1.9880601587017887e-08,0.9825117560179057,0.017231444860530343,2
0.0003375130332932721,8.979090301901703e-09,0.9973016449433826,0.002360833043805213,2
0.00016568578275034208,3.04178370188849e-09,0.9996714240904223,0.0001628870854599518,2
0.00023614849618744998,3.9390167928307966e-10,0.999725992666043,3.785844424340922e-05,2
0.0001422207762723569,2.0570360938613963e-10,0.9998547469159562,3.0321019355218393e-06,2
0.00018150221124620195,7.423687001941623e-10,0.9998174098778912,1.087168063577042e-06,2
0.0002188044342068736,4.488312304381754e-08,0.9997550596266768,2.6091056050795896e-05,2
0.0009200863783642789,4.5675880882028305e-09,0.9990367353153572,4.317373881422419e-05,2
0.0008480279083939924,1.2119241378581764e-08,0.9990812135265943,7.074644597224419e-05,2
0.0037968473164122513,1.2130521313360256e-10,0.9961292982954422,7.385426713357516e-05,2
0.00048091653238912043,9.192443071333111e-11,0.9995129959066404,6.087469413663931e-06,2
0.00011113376129556044,1.6218415321886172e-10,0.9998864144047864,2.451671559833175e-06,2
0.00026337632421425826,1.4144418130303776e-11,0.9997354027974494,1.2208641814046884e-06,2
0.0005124418791570116,4.118326208857792e-12,0.9994872280408555,3.3007586399530657e-07,2
0.0006176377129969838,1.5321295980018233e-12,0.9993822667412696,9.554387059302475e-08,2
0.0008051683699686959,1.7069105469861933e-10,0.9991945354581153,2.960011715687835e-07,2
0.01137672141020593,5.35144919720384e-10,0.9886171695228975,6.108531733659523e-06,2
0.0006052876595395759,5.957475949258388e-09,0.9993891799613932,5.526421603877502e-06,2
0.0046993088382629,5.922429573853831e-09,0.9952758610819102,2.4824156970903935e-05,2
0.004486747300842934,1.4175842886628626e-10,0.9954969216425816,1.6330915121966894e-05,2
0.0003806618920063275,6.066878684328557e-11,0.999618176877176,1.1611704152349804e-06,2
0.0022667509199644446,3.18985074856362e-11,0.9977325461207806,7.029272240423866e-07,2
0.002977583387707687,4.562226688453583e-12,0.9970207349672054,1.681640346945304e-06,2
0.001030917957672888,2.2132487917698528e-12,0.9989688215032643,2.6053641627694065e-07,2
0.001173039535458561,2.0598435202983939e-13,0.9988268807174272,7.974736254626164e-08,2
0.00045760671287991,4.2024118384909293e-13,0.9995423281670153,6.511979903523734e-08,2
0.0012316769447152337,1.3847342919167583e-13,0.9987682336701801,8.93848523821885e-08,2
0.00031682348585587727,1.3001145000281427e-13,0.9996831474079109,2.9105983620343932e-08,2
0.0005018062943387501,3.88035211670178e-13,0.9994981503105488,4.339467910474461e-08,2
0.0016888495394496873,1.6429344812381464e-13,0.9983109782929033,1.7216718564157014e-07,2
0.0004988544325514801,4.5004631224684954e-13,0.9995010832132072,6.235398017600643e-08,2
0.0016442772813281034,2.2310775078563027e-13,0.9983555452043956,1.775139287978712e-07,2
0.0005908827367915573,5.612753061558353e-14,0.9994091000597988,1.7203623195066998e-08,2
0.00037439868231706343,5.143536684401239e-12,0.9996255764037203,2.490864415914356e-08,2
0.00071618697674755,1.3202564993020147e-09,0.9992811141849324,2.697518021969022e-06,2
0.004092289312455739,4.664682380598568e-09,0.995896876648122,1.0829374485870774e-05,2
0.006599857856751766,1.9599271072872233e-10,0.993384801581639,1.5340365907047167e-05,2
0.0010386584308384476,1.080079992813937e-11,0.9989598223899535,1.519168411304817e-06,2
0.0036075098553141195,1.720990049645213e-10,0.9963923144443141,1.7552782095321405e-07,2
0.044595543354298856,5.170822853748608e-12,0.9553944183871762,1.0038253636323122e-05,2
0.009891245568700163,1.067440721723246e-11,0.990108479466683,2.7495406868771224e-07,2
0.02462450719917569,1.6479700268909734e-11,0.9753745598608182,9.329239727239069e-07,2
0.016908537598861743,9.946821758402897e-13,0.9830909207724327,5.416273873800464e-07,2
0.0029043531313918116,2.0472191943567737e-14,0.9970955743066153,7.256164389354112e-08,2
0.001090078934978395,6.109189592962806e-14,0.9989099070720853,1.3993102283374237e-08,2
0.0015710780192862738,1.435097971288473e-12,0.9984288882233104,3.375610757454139e-08,2
0.015175747038775575,2.4200204136621902e-11,0.9848238839370865,3.689998986604296e-07,2
0.014278751490600174,1.3112230154170509e-12,0.9857202654258713,9.830820499505312e-07,2
0.0011562403649987838,7.868917503950289e-13,0.9988436552329742,1.0440101552804529e-07,2
0.0008768389059500486,4.990778025741252e-13,0.9991229990450303,1.6204811873530838e-07,2
0.00037787555070994185,3.044609863982671e-12,0.9996220225645891,1.0188185101102052e-07,2
0.0006667994088117683,4.910351773560642e-11,0.999332600940823,5.996013503343557e-07,2
0.00035528352795719626,6.889394820774318e-09,0.9996402385786676,4.471004360851928e-06,2
0.00015242953380962081,6.407043918623268e-08,0.9998207592445874,2.6747150733293113e-05,2
0.0021866150883166143,1.9319062495571192e-07,0.9973492360154983,0.00046395570575776966,2
0.000505290542750908,1.927757300112114e-07,0.998937975383259,0.0005565412983462324,2
5.02783664882394e-05,3.280423446791242e-06,0.9991196629464886,0.0008267782635176228,2
0.0002167209209690609,1.5811486862371905e-05,0.9962526951708767,0.0035147724212150136,2
0.00012254688995478046,2.2978709549355492e-05,0.9921759681683711,0.0076785062324940916,2
0.00030928475423636786,2.8530060926313903e-05,0.9726272034736901,0.027034981711381488,2
0.0005424381894894622,0.00034731413592063276,0.9346775951703377,0.06443265250394206,2
0.0016061423492571988,0.00031897163740192,0.7690946724504518,0.22898021356249687,2
0.0005389372381336125,0.00010103509455661443,0.7510316532006075,0.24832837446649778,2
0.00046069401456312977,1.9560726962496577e-05,0.743790730012824,0.25572901524601416,2
0.009153799624210708,1.716330560786246e-05,0.7219575387174799,0.26887149835234636,2
0.0015391849762891388,9.842917642493506e-06,0.7455979066385731,0.25285306546771347,2
0.04136366590471343,5.226737897079835e-09,0.7081830643212755,0.250453264547695,2
0.006418204029272509,4.391062011089744e-08,0.9150098700533362,0.07857188200634861,2
0.0007997177667972796,9.202357193860797e-08,0.9811513015660079,0.018048888643387558,2
0.0008439120594028424,1.6962588805145728e-08,0.9916186046012352,0.007537466376903088,2
0.0006188157616217835,4.077099666494976e-09,0.9971179581945059,0.0022632219667915445,2
0.0003709570707226458,6.381573209585762e-10,0.9993191400673607,0.00030990222386856266,2
0.0004911433176104675,8.171693218562255e-11,0.999487724164102,2.1132436233120343e-05,2
0.00015444192159836672,2.0254911637789516e-10,0.9998439831898694,1.5746857578356592e-06,2
0.0007242323130810838,2.077612074545569e-10,0.9992738284676831,1.9390113690139757e-06,2
0.0020690739872200855,3.602043468532046e-12,0.9979248755965388,6.050412276905347e-06,2
0.0036952314346468786,1.1634318027472019e-13,0.9963045092879502,2.592773966564039e-07,2
0.0007934752675056505,3.901762146365091e-14,0.9992065047677413,1.9965106667964135e-08,2
0.0009422056246235573,1.1176957241495253e-13,0.99905775977656,3.4598380678565074e-08,2
0.0069656987191570345,2.743820355650047e-15,0.9930342408297,6.045151117456227e-08,2
0.001034537660207106,1.3931365605422597e-14,0.9989654537376412,8.602562134803056e-09,2
0.0008716865067377235,1.8250691167258366e-14,0.9991283071249449,6.368007469946691e-09,2
0.0006951529455378129,1.1259146862383467e-14,0.9993048426660862,4.388009078860421e-09,2
0.0007358510024910875,2.7943691991221e-15,0.9992641472104173,1.7871716344482491e-09,2
0.0006054314302309494,2.0331827857940227e-15,0.9993945675855596,9.841418651539766e-10,2
0.0020491372072524807,4.734940555847189e-15,0.9979508611627438,1.6300600766985119e-09,2
0.011763661042536696,7.885399919609004e-15,0.9882363298634825,9.093931290603698e-09,2
0.0031572035814288425,1.2392149939030855e-15,0.9968427957626351,6.562634402055493e-10,2
0.000951404201859196,1.3875760393409452e-16,0.9990485957735685,2.498661996545537e-11,2
0.0005325747311423563,3.245429413898166e-15,0.9994674220158645,3.252962035481253e-09,2
0.0012672137280392262,3.667900741862992e-12,0.9987327832000406,3.068504509103703e-09,2
0.01342813778906891,1.1986460160000249e-11,0.9865633690179176,8.493181172509617e-06,2
0.003070104722696044,5.467474249550807e-13,0.9969294207341157,4.745430816014883e-07,2
0.0005153773557184797,2.1678943979494428e-13,0.999484552843122,6.980122050495907e-08,2
0.0010954136008116976,3.9290910613143984e-14,0.9989045696596258,1.6739789519085598e-08,2
0.0029256102219049384,7.394382543296956e-15,0.9970743232095919,6.656837310504999e-08,2
0.0014958834870626141,7.12939834445926e-15,0.998504109819682,6.692795733730037e-09,2
0.0005324050036493607,6.400640671007741e-15,0.999467592888913,2.1076449676759856e-09,2
0.0018951714009204088,4.0440442494707305e-15,0.9981048195170472,9.082413856050975e-09,2
0.0017179097365348822,7.347488233134759e-16,0.998282090097596,1.6600110877454953e-10,2
0.0010728407724221053,1.863508566475356e-16,0.9989271591748254,5.28522233259615e-11,2
0.0033064770999097918,4.709355161565863e-19,0.9966935229003947,5.958915435880379e-14,2
0.0005279923064510712,5.67661306680403e-19,0.9994720076934992,3.2473037249960114e-15,2
0.00031604188473465287,8.048618988050977e-19,0.9996839581149675,6.370295579587548e-15,2
0.0002820819101857946,8.728752631220721e-20,0.9997179180894913,7.543913623908961e-16,2
0.00023055130302720024,7.918800917592118e-20,0.9997694486966426,2.3779807094335847e-16,2
0.000642832300796894,9.562332692499715e-21,0.999357167699464,1.7984448310015186e-18,2
0.000143905975902253,1.4104802429585185e-20,0.9998560940238777,1.3794001963441547e-18,2
0.00045860129793141163,1.9679253880039264e-20,0.9995413987020024,1.1636612655574605e-18,2
8.372600867455048e-05,2.7796177226910974e-21,0.999916273991428,2.6690921244846433e-19,2
0.0001946761336671901,9.103741147590956e-21,0.999805323866702,2.0772376006152948e-18,2
0.0013196785578932107,5.212146403679944e-21,0.998680321441704,3.165200222402907e-18,2
0.000661855671665582,3.5116785698124936e-22,0.9993381443286646,1.9557276619899838e-18,2
0.0006004162838751997,3.322078898409494e-22,0.9993995837159484,3.3842773579581955e-19,2
8.20590262923799e-05,8.547394574948494e-22,0.9999179409733955,1.6789628557843164e-19,2
0.0001561762690586708,2.7537208149109178e-21,0.9998438237312304,2.9437656750078253e-19,2
7.010678323654845e-05,9.277424287140702e-22,0.9999298932163172,5.136537049760195e-21,2
3.378750806135114e-05,1.4998894822652946e-23,0.9999662124915749,1.0095337314412257e-23,2
3.289040403943391e-05,8.300845281564788e-24,0.9999671095963342,1.230937808826091e-22,2
3.176265564492919e-05,1.2341316552792742e-22,0.9999682373442209,6.1029048300135575e-22,2
0.00019998275999730963,9.465612098994848e-23,0.9998000172403165,7.957614741586794e-21,2
0.0001295398502044877,2.4344047902113236e-22,0.9998704601494085,1.1344855127603592e-20,2
0.00015642895758023474,1.4826971725916445e-22,0.9998435710421638,1.0483074942774725e-19,2
6.548210550097759e-05,1.0284553388630177e-21,0.9999345178943297,7.13110049192653e-20,2
0.0004787047591949821,1.1847970405516115e-21,0.9995212952410818,1.6284937947313e-18,2
0.00015295757351363213,1.192262411415251e-21,0.9998470424265263,1.3475962122006616e-20,2
5.127844978332982e-05,2.615181030050224e-22,0.9999487215505914,7.158488251836207e-21,2
6.914561989026355e-05,1.1605347856098363e-22,0.9999308543797887,1.7697802910722097e-20,2
6.719642911147625e-05,6.816561231074156e-22,0.9999328035705336,8.686622780528575e-20,2
8.812076095046187e-05,1.3898245222889448e-21,0.9999118792386547,8.720527766649144e-20,2
0.0001311215733221263,2.0079503690568008e-21,0.9998688784268823,6.224057728726899e-20,2
7.76984820536215e-05,5.8648066594412055e-22,0.9999223015175426,6.728024054525143e-20,2
0.00019694919861652183,1.1831679169432942e-20,0.9998030508015938,5.899055304264316e-18,2
0.0004134709562932528,1.7391346550502665e-20,0.9995865290440602,7.289653516142721e-17,2
0.0008505712057039244,8.333464815615984e-18,0.9991494287944735,7.574614255186531e-14,2
0.0009116963196843633,5.752901858654286e-19,0.9990883036803622,8.878765552223491e-14,2
0.0015704506542800851,4.2446885556612398e-19,0.9984295493453637,1.0259195243577808e-13,2
0.0004531589637348029,3.748157484174751e-17,0.9995468410326344,3.3201697851358854e-12,2
0.00040157477642766936,2.6829632267839032e-17,0.9995984252224204,7.591905809844074e-13,2
0.0005134040649844749,1.4520572376339426e-17,0.9994865959345649,4.899332293000068e-13,2
0.0021885379342986865,3.4716554409291116e-18,0.9978114620650139,6.338680597357115e-13,2
0.010062792508185679,2.719137747206038e-18,0.9899372074912559,8.0463369294521e-13,2
0.0812654558953411,8.883147273824365e-21,0.9187345441044672,2.9265207393517815e-15,2
0.6856483244895306,2.7810287549395665e-20,0.3143516755108111,2.450473795569029e-15,0
0.982362123732044,9.147425054181561e-21,0.017637876267678078,8.681914777639088e-14,0
0.05868415771190525,5.565667091816295e-21,0.9413158422880152,6.075048590281133e-15,2
0.012046671910163693,1.7899915951117584e-20,0.9879533280899078,8.683818292883526e-15,2
0.001233405425145557,3.54878086638462e-18,0.9987665945743844,4.931754133657216e-14,2
0.0006707971790064006,2.3098855598631736e-18,0.9993292028208769,4.461314212256275e-14,2
0.0004452137335032197,4.574373768751036e-18,0.9995547862666628,1.7165908083131082e-13,2
0.0009071027715467965,7.99301900164194e-18,0.9990928972286467,1.3232488618275322e-13,2
0.0017503164845924534,1.6309542041773543e-17,0.9982496835146595,5.810429142347271e-13,2
0.00811530585694894,9.911164122330065e-18,0.9918846941425966,4.4320743555000337e-13,2
0.0010402314867061712,3.1985861075840325e-18,0.9989597685130192,1.1355323492035266e-13,2
0.0024406296263038453,5.920934063818166e-17,0.9975593703590269,1.4247825854602778e-11,2
0.0006106659770711047,9.31085138164718e-16,0.9993893335957562,4.2754614431597574e-10,2
0.0007781184905254438,2.45873454301276e-16,0.9992218814582695,5.079530798282682e-11,2
0.0004400057358922191,2.2091297726625645e-16,0.999559994234684,2.9877187554608687e-11,2
0.00044725671130244635,6.83915676664967e-16,0.9995527430512838,2.37416635318912e-10,2
0.0008596407550915035,1.0957393333522203e-15,0.9991403588120745,4.32757163440769e-10,2
0.0006633246358622958,1.327632962310447e-15,0.9993366744465809,9.176573951563627e-10,2
0.0018145268783781724,1.844954132646475e-15,0.9981854714235846,1.6979227184325684e-09,2
0.0007786641946279923,3.294111307929534e-15,0.9992213346676317,1.1376323580778621e-09,2
0.002478010987526484,2.5550407860606563e-14,0.9975219733757074,1.563671618357117e-08,2
0.0005270920186020674,5.3380957037365325e-15,0.9994729058511291,2.130486108810705e-09,2
0.0006118539455831574,6.103501754183866e-14,0.9993881375986838,8.455558813539064e-09,2
0.003008541834835277,6.562230934040652e-14,0.9969913819067596,7.625854089614551e-08,2
0.0015122454107591985,9.145693564063366e-14,0.9984876998242773,5.4764965526490295e-08,2
0.0005027655981496118,9.844899816494144e-14,0.9994971763428746,5.805888885624641e-08,2
0.0007606876612043596,1.9446751375903665e-13,0.9992392638685806,4.8470289541400834e-08,2
0.0007500823172777914,4.017730519637217e-13,0.9992498712423348,4.64400577518751e-08,2
0.0002776504554923299,3.654868143324462e-12,0.9997222680815667,8.145954812393634e-08,2
0.0005988559090303832,3.1541451221952138e-12,0.9994006935392016,4.505486062161669e-07,2
0.0006138196516157202,1.562912672663253e-11,0.9993856877814147,4.925515136360058e-07,2
0.0010133597616974368,4.2018449076453366e-12,0.9989860534637658,5.867702176581142e-07,2
0.0007471680367410991,1.7244856005923843e-11,0.9992523851889018,4.4675736576194365e-07,2
0.00014231345799674123,5.973324075367649e-10,0.9998557097495352,1.9761947306182557e-06,2
7.60141248865698e-05,2.1907720591183433e-09,0.9999186906732087,5.293010828200248e-06,2
7.944009572511867e-05,7.773704846340226e-10,0.999914400394529,6.1587325003240915e-06,2
0.00024374879560363396,1.0471151183487987e-10,0.9997541742517146,2.07684788036268e-06,2
0.00011662147524409051,2.1467802050769536e-10,0.9998810636365166,2.3146734808691816e-06,2
0.00014052514546313274,2.3103188959787358e-10,0.9998574838937782,1.9907296174153918e-06,2
0.00025332559141946493,4.2001360318171863e-10,0.9997442355903766,2.4383985152373306e-06,2
0.00012240629598727834,2.2721861321141675e-10,0.9998755952774634,1.9981989504294686e-06,2
0.00011651352937826056,3.2157135324544016e-10,0.9998816434206137,1.8427280643979284e-06,2
0.00035267125491965416,1.0615090022767657e-09,0.9996432134637089,4.114219553060766e-06,2
0.00013810882811809844,1.7041699905814663e-09,0.9998544828898365,7.406577647433254e-06,2
0.00017513419965017342,7.82193855453682e-11,0.9998219047139969,2.9610084457978073e-06,2
0.0001490166060082798,1.0776949534132941e-11,0.999850607313209,3.7607010778075344e-07,2
0.0003335815061087243,1.9502261079134537e-11,0.999666098717134,3.197573146844963e-07,2
0.0018026359317556923,8.437852852351603e-11,0.9981964940935394,8.698906953819353e-07,2
0.002838027316658325,8.771759221960626e-12,0.997160238038556,1.7346357590757835e-06,2
0.00044110138987338526,1.1664327295136366e-11,0.999558602805582,2.957926263161999e-07,2
0.0017608864994422962,3.465211197693579e-13,0.9982385142545903,5.992453127682619e-07,2
0.0005572164919864642,3.5679256572386035e-12,0.9994427411313306,4.237280052910594e-08,2
0.0039341331517598385,5.67794794146952e-13,0.9960651345315608,7.32316214214432e-07,2
0.000889933758420677,7.78388118227197e-12,0.9991098916800417,1.7455374214083302e-07,2
0.0005194938119833086,7.054138263486619e-11,0.9994775758036717,2.9303137027953073e-06,2
0.0002400829685472356,1.6200590989577203e-10,0.9997582575538984,1.6593159491156548e-06,2
0.00019322549940907575,1.4486696683103076e-10,0.9998046020651652,2.1722904566068212e-06,2
0.00041955406174482116,1.1873060015225027e-10,0.9995795743760217,8.714437216839557e-07,2
0.0003079861912565836,7.669862602734256e-10,0.9996902135587026,1.7994828434835002e-06,2
0.0001283254788547469,3.040900715469756e-09,0.9998636846543572,7.986825893263114e-06,2
9.578446095559226e-05,8.54831921884375e-10,0.9998981237378559,6.090946686501755e-06,2
0.00011657539731695355,1.6651370406188766e-09,0.999880543766745,2.8791705706397365e-06,2
0.00047371307755465466,2.858682718584462e-10,0.9995193824921009,6.904144349827706e-06,2
0.00010839204898289946,2.98317361154279e-09,0.9998897205890658,1.884379077945581e-06,2
0.0002699327703986942,4.0458814525250205e-08,0.999704004030355,2.602274033823407e-05,2
5.207371316987058e-05,1.780366498484002e-07,0.999915106912544,3.264133795564106e-05,2
8.156703034290394e-05,5.249067834597406e-07,0.9997874894724088,0.0001304185905141984,2
0.00026255025960289497,3.313513066236488e-07,0.9991849526664126,0.0005521657228614594,2
6.354650909405582e-05,4.4870224312791386e-07,0.9994209661757905,0.0005150386127727735,2
5.388865883082789e-05,1.3839620922231114e-06,0.999367473066536,0.0005772543127983013,2
3.57846897787531e-05,4.797166268673827e-06,0.9992132394882897,0.0007461786552739836,2
6.196953287072189e-05,4.547110700926819e-06,0.9990429312249136,0.000890552131737056,2
8.301186279843365e-05,5.415495536127739e-06,0.9984189338887255,0.001492638752989427,2
1.1933486435102692e-05,1.3695229141750843e-05,0.9982362387704529,0.0017381325141773857,2
1.443412722146021e-05,2.5655533812217907e-05,0.9974864482544978,0.0024734620848892615,2
8.993635026523092e-06,4.53115121311402e-05,0.9966641607621614,0.0032815340904380165,2
1.8386771702018998e-05,7.870071431368747e-05,0.995296681499188,0.004606231014620435,2
1.155446306538471e-05,0.00010756720023660942,0.9933966577196232,0.006484220617471621,2
2.2755126741469324e-05,0.00011697654778012585,0.9908220318783554,0.009038236447508,2
0.0001466962816268719,3.232808558761415e-05,0.9897705663050848,0.01005040932781855,2
2.6165429814233854e-05,2.022570068395561e-05,0.9913381076793134,0.008615501190642604,2
1.4394952511590606e-05,1.1487746179386719e-05,0.993811928925016,0.0061621883767238195,2
2.127550630901425e-05,6.777365905968678e-06,0.9951550880636739,0.004816859064249857,2
3.068269512042234e-05,4.9364064117926055e-06,0.9955909202069578,0.004373460691241176,2
2.0170039855332845e-05,4.375735288030872e-06,0.9961082979324363,0.0038671562927644508,2
0.000564547341988705,3.571344116221145e-07,0.9949205189833991,0.004514576540114618,2
2.3626150728259823e-05,2.266941303823434e-07,0.9981376634897993,0.001838483665704089,2
5.187493155380806e-05,1.5732919854355938e-07,0.9991481422824751,0.000799825456436916,2
0.0004091935885600388,2.8125698368571405e-08,0.9990909339297518,0.0004998443557926182,2
5.0080112410404425e-05,6.93442007568821e-08,0.9997590408417404,0.0001908097016616451,2
8.816367735919944e-05,3.097359075021976e-07,0.9997712406180471,0.00014028596908947726,2
0.00016305004804244907,2.3107409596600253e-07,0.9996655786209104,0.00017114025653383084,2
5.6893683789720015e-05,6.334167254809733e-08,0.9998559551713069,8.708780284702893e-05,2
6.40978287057527e-05,5.45667969077297e-09,0.9998885421901267,4.735452436831199e-05,2
0.000145333603665679,8.721135599775038e-10,0.9998486216546988,6.043869395967946e-06,2
0.00016419926308270435,1.609545972727311e-09,0.999830347065587,5.452061974865487e-06,2
0.0002193515926470711,1.2525541329067898e-08,0.9997615889315045,1.9046950524023247e-05,2
7.488709779962768e-05,6.385088433173422e-07,0.9998274764557387,9.699793759434409e-05,2
0.00026321305765085934,8.261242580549658e-06,0.99847527366152,0.0012532520385210516,2
0.0135872853923046,1.60771492884028e-05,0.9679992886335657,0.018397348824568525,2
0.1696308230138389,2.477869136945456e-07,0.7850465038115373,0.04532242538794052,2
0.001749159223609633,7.610873061216395e-07,0.9819650391624355,0.016285040526594814,2
0.00020668546227756588,2.192092971615792e-06,0.9863105615105163,0.013480560934573131,2
0.0015271892303255212,2.093696120227509e-06,0.9849681149324104,0.01350260214142039,2
0.0008289912192559465,7.774365802554643e-07,0.9869972954898097,0.012172935854563584,2
0.014933253446820291,4.5874716341150916e-10,0.9717297364984817,0.013337009596353994,2
0.0038828935491255646,1.371153028381693e-10,0.9958338862194753,0.0002832200943614079,2
0.0006273549298154865,1.693897779627224e-09,0.9993632770561051,9.366320260030287e-06,2
0.006754173831995295,3.637280747744409e-11,0.993206165012544,3.96611188909361e-05,2
0.0029529158403411963,1.4874525105482136e-09,0.9970452211118399,1.8615606591645317e-06,2
0.023717739412809687,1.4927184975091492e-10,0.9762544037317447,2.785670589057175e-05,2
0.0012677674580350946,5.3295323125330284e-11,0.9987286380063866,3.5944818940196607e-06,2
0.0002371183473274409,5.598332332647607e-11,0.9997618915337692,9.900629285561316e-07,2
0.00026728295579634125,3.2486719704227105e-11,0.9997314576810159,1.2593308068034773e-06,2
0.00036350641011281907,6.63787916706156e-12,0.9996356663957638,8.271876711986919e-07,2
0.0002424907747011493,8.319124634724128e-11,0.9997569411439344,5.679978061524113e-07,2
0.0011410588390268412,9.945590711853406e-11,0.9988562577708344,2.683290627048866e-06,2
0.0005762096751581913,2.0203108248982652e-10,0.9994229798811471,8.102414014920353e-07,2
0.0018373181564837612,1.2173414620284061e-10,0.9981593143670557,3.367354956517722e-06,2
0.0002517198613924144,6.919300475719853e-11,0.9997476229510863,6.571183630205484e-07,2
0.0001562955002544431,4.6050688714183373e-10,0.9998423946245288,1.3094143716009835e-06,2
0.000422370836204056,2.403213947457747e-09,0.9995737110250832,3.915735105856081e-06,2
0.0005371309524621055,4.190151703023043e-10,0.9994529645575542,9.904070896718689e-06,2
0.00018926595426428365,1.2719982741952982e-09,0.9998066930817765,4.039692209011554e-06,2
0.00014357877688895941,5.210619874521045e-10,0.9998520964139544,4.324288315130366e-06,2
0.0003819849694988019,2.2912009669920368e-09,0.9996126549418257,5.357797357142809e-06,2
0.00020645193399929578,1.8607840927308558e-08,0.999780361631257,1.3167826841830079e-05,2
0.00010368672852678841,2.399779154727203e-08,0.9998697177334851,2.657154052742547e-05,2
6.775461119542302e-05,6.992344712224962e-08,0.9999006150342231,3.1560431480589535e-05,2
3.1875271019808886e-05,1.1960664230918068e-07,0.9999063743883432,6.16307342776746e-05,2
4.178733742836939e-05,1.6659091963606802e-07,0.9998709309539395,8.711511751818016e-05,2
2.7204129162935192e-05,4.969156556597959e-08,0.9999069691059892,6.577707330415364e-05,2
5.5754646299722055e-05,1.48310111258616e-08,0.9999295723573104,1.4658165754750904e-05,2
4.4709289375375314e-05,1.8585188623179865e-08,0.9999361012258104,1.9170899207599133e-05,2
3.439892636683081e-05,2.25419939380653e-08,0.9999489839227547,1.6594608990437527e-05,2
6.593267747458116e-05,2.904178223526959e-07,0.9999175275974977,1.6249307650496997e-05,2
8.630297720453043e-05,7.96274178384254e-06,0.9998578961190587,4.783816240062103e-05,2
5.333315952496508e-05,0.00017562608782906587,0.999591156569623,0.00017988418336360737,2
2.627253762840235e-05,0.009237875983239928,0.9895045339780173,0.0012313175012388607,2
1.012919897467499e-05,0.07457832302972048,0.9215248218198482,0.0038867259512945685,2
5.264495292442869e-06,0.3901545915283425,0.6027050155942085,0.007135128382473337,2
4.528133374274547e-08,0.8275012959908029,0.16905098129356871,0.003447677434440518,1
2.605524099189548e-09,0.973981439786372,0.024923433428169193,0.001095124179667604,1
1.72980941235842e-10,0.9977135521629787,0.002029054860234063,0.00025739280394874775,1
1.1594369830019213e-11,0.999761111804424,0.0001774751667051202,6.141301732734568e-05,1
2.554317117679537e-13,0.9999742750586116,1.1284099098405116e-05,1.4440842177434392e-05,1
4.9372457381457496e-15,0.9999801679834733,4.7271214936399945e-07,1.935930454251116e-05,1
5.127571701434788e-17,0.9999979324287325,1.3497743882505392e-08,2.054073176935169e-06,1
8.44096857687079e-18,0.9999983379161846,1.0757040532649648e-09,1.6610078887799912e-06,1
4.5898138795411037e-17,0.9999976691460568,8.211867645058836e-10,2.330032447160784e-06,1
1.3958279766921611e-14,0.9999619226028742,5.814943962629964e-09,3.807158197924635e-05,1
2.205735626175761e-13,0.9999364442935421,1.7888844633038e-07,6.337681749376414e-05,1
1.7784528231216162e-13,0.9999445287136915,2.803432033943538e-07,5.519094266706877e-05,1
3.8297696498300926e-14,0.9999647573702863,1.224774234841451e-07,3.512015209298806e-05,1
4.6163258417079807e-14,0.9999669700435194,6.579903194781887e-08,3.296415763552823e-05,1
2.082615114992821e-14,0.9999725241123376,6.240431239835592e-08,2.741348352015354e-05,1
1.8703780044438437e-14,0.9999498657524108,3.7003350284986495e-08,5.009724453991407e-05,1
1.8117602372818013e-14,0.9999816127764182,6.596464917899059e-08,1.8321259078563656e-05,1
5.902170506120594e-15,0.9999845970700617,3.2316226562259586e-08,1.537061393354003e-05,1
3.0395714301506554e-14,0.9999589469994641,2.1535986276911486e-08,4.1031464616313454e-05,1
9.385511177046622e-14,0.9999608622584832,1.1676816901832048e-07,3.9020973105575864e-05,1
2.6834713404845614e-14,0.9999666180343748,1.0306854626911515e-07,3.327889689032927e-05,1
9.826083381074376e-15,0.9999770234155525,5.0229395911656105e-08,2.292635491248152e-05,1
4.237946633923283e-14,0.9998833497377428,1.7290554615773665e-08,0.0001166329715941418,1
2.7022864382046295e-13,0.9979939156633332,1.3488070089659748e-08,0.00200607084829618,1
6.977675271438663e-12,0.9757144345444633,1.1062326139952047e-07,0.024285454824916945,1
2.4141581944842994e-10,0.6653357956046945,6.359763418658327e-07,0.33466356817741133,1
8.314420124019711e-08,6.924867532783726e-07,4.327976793550956e-12,0.9999992243650292,3
1.0204400036414679e-07,1.3051452226063168e-07,7.631384781892683e-09,0.9999997598097541,3
5.650906400535132e-08,4.0081284279170894e-08,8.99175361183461e-09,0.9999998944176751,3
5.652570312965567e-07,1.0427616961355692e-13,1.0581555188689396e-14,0.9999994347428361,3
1.9687702110830693e-08,0.0004222870342481867,7.496302080463766e-05,0.9995027302576636,3
9.031367276896348e-08,1.5782133195489688e-05,7.195860758296038e-07,0.9999834079675084,3
5.509811981882171e-08,1.2942093643334065e-06,1.0826319282322092e-06,0.9999975680605089,3
4.969838015739403e-08,0.00031530686134880197,0.0007787223945677367,0.9989059210455707,3
1.5184814782530017e-07,0.00034413606111876195,0.0021095120983741617,0.9975461999926116,3
4.3305502249553083e-07,0.00013710788075508735,0.003093524342510224,0.9967689347214351,3
3.900835962662357e-05,6.333857762215053e-06,0.0047128569457380535,0.995241800837188,3
2.4793283115439788e-05,4.121536200705164e-05,0.21891554458506976,0.7810184467699027,2
4.8455225348839947e-05,1.7625979823002768e-05,0.3378321086545544,0.6621018101398717,2
2.45233415703101e-05,1.771475665563365e-05,0.39907562203353897,0.6008821398678085,2
0.0001565423559819831,2.2280326703269312e-06,0.41593764779703524,0.5839035818146242,2
3.125960432943757e-05,8.395950039898107e-06,0.44625517806259657,0.5537051663829707,2
2.184337159789744e-05,1.8574651117819128e-05,0.513218340862101,0.48674124111517414,2
6.744649204917143e-05,5.0313745451721375e-06,0.557969971294817,0.4419575508383052,2
5.414509712633213e-05,1.0826113701176859e-05,0.6391462034124157,0.36078882537694207,2
4.6524574724977635e-05,8.241152305819069e-06,0.7335525042177456,0.26639273005557607,2
3.543379830257136e-05,8.11361701421446e-06,0.8618821869747119,0.1380742656100742,2
0.0002309847486476682,1.0009237970081684e-06,0.8962662610231165,0.10350175330455581,2
7.671759615990019e-05,4.1702592942039767e-07,0.9458661091517837,0.05405675622652492,2
8.302395326774937e-05,4.870023546239572e-07,0.9701342193898166,0.029782269654417562,2
4.680951433892313e-05,1.355316474663353e-07,0.9898842017755523,0.010068853178633222,2
4.530122863987518e-05,4.0922042559339326e-08,0.9968361948628476,0.003118462986484534,2
3.2755616739483506e-05,4.230363683926774e-08,0.9992804643266527,0.0006867377525259982,2
4.159733170398276e-05,3.80221997128892e-08,0.9998057359377175,0.0001526287086835609,2
6.831254770238024e-05,2.029606169581684e-08,0.9998708087590985,6.085839724637884e-05,2
0.0002694188268318916,6.189679919538228e-09,0.9996890618629557,4.1513120276285534e-05,2
0.0015038745781101289,1.8614722602515472e-09,0.9984796935544851,1.6430005780641225e-05,2
0.015152115257207237,8.110334862664887e-09,0.9848334273238458,1.444930899069209e-05,2
0.4695011207763315,4.672234022937346e-10,0.5304735737607165,2.5304995481142163e-05,2
0.9999402013408498,5.63695965653477e-17,7.527952855238974e-08,5.972337977680123e-05,0
0.20228083350199616,4.1093960791224785e-13,0.7976785850104696,4.058148723632341e-05,2
0.1297712639114451,2.509150716509914e-12,0.8702149597967401,1.3776289188777363e-05,2
0.00558372622738306,1.0526742115495186e-11,0.9944147005074224,1.573254619571546e-06,2
0.0007969424133827149,1.7643925330843175e-11,0.9992021160316451,9.415373037356009e-07,2
0.001351998603686983,2.193990036239468e-09,0.9986466303756176,1.3688268534685477e-06,2
0.01956463654114676,3.3975657746075214e-07,0.9803607710691556,7.425263341783302e-05,2
0.04652075383324834,1.6665649670609628e-05,0.9483209644729955,0.005141616043632569,2
0.8552405395419956,6.052582779511871e-09,0.0019661713663032044,0.14279328303938044,0
0.8287015820611457,3.8437333063844934e-07,0.00957761556064652,0.16172041800454523,0
0.8351828058745008,1.4121329589943784e-32,7.10671878350454e-32,0.1648171941258496,0
0.14192882071632462,7.522554187920739e-07,0.019360253258523714,0.8387101737694812,3
0.015901950955889702,8.023330515311972e-06,0.015433583165640629,0.9686564425483781,3
0.0014356321226617022,7.288890556181074e-06,0.005126172301097117,0.9934309066858102,3
0.00017252926425629248,8.760162342329764e-07,3.543287970037823e-05,0.9997911618402634,3
3.527336736830919e-05,2.011373163452778e-09,5.828258955101644e-10,0.9999647240384808,3
6.509281517215783e-06,1.4646548801398603e-06,1.5806415793363076e-05,0.9999762196474827,3
5.350621049206705e-06,2.208677126232061e-05,0.00014021908294009638,0.9998323435244358,3
2.7357530638193395e-05,7.095330955732139e-06,0.00010366138805288726,0.9998618857506316,3
0.00013400251474394965,7.472166747456918e-11,9.289933397459005e-07,0.9998650684174638,3
0.0004453353629205199,4.182186811123171e-08,0.00957688699926931,0.9899777358161886,3
0.00016854371703800954,1.7281355708601526e-05,0.4459132170463668,0.553900957880822,2
0.0003854011933895321,4.660457941402983e-06,0.5388787904173343,0.4607311479317477,2
8.434451456581796e-05,2.0488784353741105e-06,0.7827676494070442,0.21714595719972002,2
0.00012910123521877592,1.100078611377599e-06,0.8927088711484655,0.10716092753801618,2
0.0001385777989358172,1.1479376736989741e-07,0.9706542048028406,0.02920710260473316,2
0.004912669064291262,1.0227291120757884e-08,0.9895460004323335,0.005541320276091437,2
0.07862375086341751,2.233861566534685e-10,0.921093669965663,0.0002825789473246419,2
0.4309757606108099,9.919969869979751e-11,0.5689713595666579,5.287972338159596e-05,2
0.2577182788984168,6.125133927933231e-14,0.7422732820947022,8.439007100099332e-06,2
0.09157751205971543,3.162863011538465e-14,0.9084223300737277,1.5786665578351653e-07,2
0.03441712771804886,2.6305147805410377e-13,0.965582679965553,1.923164218494933e-07,2
0.01048336693653103,9.483273007247994e-15,0.9895165854925075,4.757134707421839e-08,2
0.01511509005573732,5.826087288196044e-14,0.9848849028447313,7.099572414158245e-09,2
0.09388917063347096,2.343464922539025e-14,0.9061107905805104,3.878615944271456e-08,2
0.9997258143166462,3.532094386262607e-18,0.00027413443756500196,5.124607657082632e-08,0
0.9999999963829396,1.6284789796867078e-25,6.703808342178889e-11,3.5502652963225106e-09,0
0.9999999992114681,5.0696896290176155e-26,8.798372370489052e-11,7.00168735776462e-10,0
0.9999998412731782,2.2567801230742096e-32,1.6001680427203253e-11,1.5871106167917927e-07,0
0.13792868977393127,1.7367763631700865e-20,0.8620712912230846,1.9003003246473054e-08,2
0.06847369235328853,2.002266836618635e-15,0.9315263064161282,1.2303514370739983e-09,2
0.008141332610790211,2.844376224913033e-16,0.9918586668677939,5.215435114536246e-10,2
0.0023138229039603693,3.3726734404635654e-16,0.9976861769647112,1.3110684618199757e-10,2
0.0058950222080949525,1.1956880289949517e-16,0.9941049776003603,1.914527993792004e-10,2
0.001863413209228999,5.540128504865409e-17,0.9981365867531596,3.8034109491901676e-11,2
0.0010141592876580024,1.145774463502931e-16,0.9989858406797378,3.239345362388725e-11,2
0.001955008896153324,4.0742257173793644e-17,0.9980449910547493,4.951917096441218e-11,2
0.005835012444604884,2.014831843002308e-16,0.9941649875274503,2.7492338897491998e-11,2
0.0605932507830929,2.358737014117921e-16,0.9394067487299117,4.866993124163021e-10,2
0.12803951090523863,8.954963405429731e-17,0.8719604890065111,8.796915804357054e-11,2
0.633732792243891,7.234323644329252e-18,0.3662672031000699,4.655952992810716e-09,0
0.626618573338921,7.774641013652007e-17,0.37338142547279074,1.1878605890678847e-09,0
0.64575677384202,1.0731186943856925e-15,0.3542432157661585,1.0392265834931687e-08,0
0.7253452055869912,3.3729519318907e-17,0.27465477570252417,1.871029005009762e-08,0
0.6990487741406841,1.5488810426298953e-16,0.30095121941479575,6.4442463280295755e-09,0
0.9606299661802772,9.267627979235798e-17,0.03937003211836733,1.701492239334302e-09,0
0.9999563600404242,1.098392955363131e-19,4.363968174438503e-05,2.7816453532541496e-10,0
0.9339998801862028,3.3741966699785015e-20,0.06600011813381375,1.6801959856682164e-09,0
0.9124319193194479,3.166892366224419e-17,0.08756808015964603,5.213329434868437e-10,0
0.933888964600095,3.64155726278764e-18,0.06611103309220548,2.3080972795050476e-09,0
0.8891349313666088,7.668015075091447e-15,0.11086506510286374,3.530794247859125e-09,0
0.945748759879612,5.036301414560821e-16,0.054251021879322917,2.1824078304435658e-07,0
0.1381360497683392,4.4483823236679765e-16,0.8618638426621206,1.0756984276630345e-07,2
0.07070089754799934,1.0909422122105625e-14,0.9292990766618543,2.5790352705497634e-08,2
0.08547406020160193,3.645303763145595e-15,0.9145259291617527,1.0637000539753438e-08,2
0.21076992461953067,6.168754422254823e-14,0.7892300520723479,2.3308482897102978e-08,2
0.9940257319235887,7.660487017061365e-15,0.005974122197843611,1.4587834660405513e-07,0
0.9999889639484151,6.301383834587053e-16,5.78224690527345e-06,5.253804637766645e-06,0
0.4216487248228594,7.175541896053123e-16,0.5783454858355248,5.789341171997786e-06,2
0.3338431831722299,2.733503597243086e-12,0.6661561680662219,6.487591193285088e-07,2
0.522306828777928,1.623277077264113e-11,0.477692541384073,6.298218254394212e-07,2
0.9952335701329694,1.682153637416298e-12,0.004755212596339495,1.1217268686513876e-05,0
0.29188482863420356,1.6688114570400856e-13,0.708069009561716,4.616180396686811e-05,2
0.13601286580845134,1.5268618233272787e-10,0.8639800262255183,7.107813221897942e-06,2
0.24596332885327019,2.8636991823418107e-10,0.7540301555363987,6.515323799498443e-06,2
0.9986894166170424,7.97879460300116e-15,0.0013045254547252678,6.057928069866442e-06,0
0.9999523315084312,2.3275654199945033e-15,4.649131169803068e-05,1.1771801202558804e-06,0
0.9992850120192986,1.6382775443567872e-15,0.0007123603952935963,2.6275858064290735e-06,0
0.9759795331639312,3.6289416765012536e-14,0.024019130427323114,1.3364083463534124e-06,0
0.9997818740644964,2.739091522725195e-13,0.0002167415290181983,1.3844062672449045e-06,0
0.9999754268191925,1.7942740670485226e-15,2.4100396801664825e-05,4.727837191258064e-07,0
0.9999581623999902,4.433979987576179e-13,2.3411085032850837e-05,1.8426514763380257e-05,0
0.9993766334347711,1.8364230082408888e-17,2.6899549037213657e-11,0.000623366538182694,0
0.8534733654594783,2.771154118994445e-13,2.966180108382255e-05,0.14649697273928752,0
0.13850833337387694,4.5953758225669156e-08,0.006192078533322632,0.8552995421389935,3
0.04726498529539738,1.545743823524372e-06,0.0007397730702503086,0.9519936958906341,3
0.00431220213016732,2.694613193709385e-05,0.0022827012357117503,0.9933781505017665,3
2.054530269817036e-06,0.0002869224649171233,0.00021640603887140971,0.9994946169659349,3
2.5017783243519487e-08,0.0006084202229029513,1.9290276823369525e-05,0.9993722644822023,3
8.66748605643727e-08,0.0023366571735459387,3.6237482544439156e-06,0.9976596324033716,3
8.5370113620916e-09,0.00834181117804753,7.684239781258339e-05,0.9915813378870849,3
7.065310747348229e-09,0.008048832726355018,4.198247227563634e-05,0.9919091777359239,3
7.077276443780527e-08,4.2022346643320673e-10,1.2674032431800434e-12,0.9999999288056668,3
1.053859515799163e-07,8.406392252996906e-12,5.367464571793636e-13,0.999999894605031,3
3.189726340055428e-08,4.04213322843079e-09,3.1530092361839e-10,0.9999999637457229,3
7.399524402573352e-08,0.000242394089603161,1.75668933590404e-05,0.999739965021889,3
2.4814173541184668e-08,0.0011294076624942825,6.888396857810572e-06,0.9988636791265262,3
7.564129671140046e-09,0.003381526081030472,3.8063210597033625e-05,0.996580403143814,3
6.283901886152472e-09,0.0025922818602727668,2.4520323037899608e-05,0.9973831915329577,3
1.919815269814141e-08,0.0002628786285569443,2.1120609682444443e-06,0.9997349901125796,3
3.054254833519353e-08,1.7914023167830435e-05,7.439963901201467e-07,0.9999813114382153,3
6.06594241500513e-08,4.175589993796343e-07,5.313136686925719e-09,0.9999995164681682,3
1.4269805569684673e-08,0.002059393022869132,6.724799648670781e-05,0.997873344710428,3
1.1181911515789934e-08,0.0022016807483879455,7.305060382931726e-05,0.9977252574656398,3
4.520698708336866e-08,0.000815956228767061,3.103838666689721e-05,0.999152960177283,3
1.3602911658618278e-07,3.293824822292539e-06,2.547678430487133e-07,0.9999963153781789,3
1.0540669715202817e-07,3.62765308678602e-07,2.5916754685474836e-07,0.9999992726600712,3
4.4257257953943854e-08,2.533626671485114e-06,9.714902213053055e-07,0.9999964506259184,3
1.9850932770831853e-07,2.462295539540879e-05,1.1905870122162754e-05,0.9999632726654292,3
2.2066026408974867e-07,4.459245398764929e-06,3.871948457781468e-06,0.9999914481461075,3
1.5748564220430067e-06,1.9657479616758593e-06,5.9309020643794844e-06,0.9999905284933617,3
4.208529610719763e-07,6.296613249303074e-05,0.0006748820833363434,0.999261730930936,3
1.1025888562664468e-06,7.330560278350813e-05,0.0010685418974455037,0.9988570499107456,3
3.933712716684532e-06,3.505425437899023e-05,0.0006719561895285284,0.9992890558434963,3
7.697386350103288e-06,3.621975176165485e-05,0.0005564116922639216,0.9993996711695354,3
7.413747800433454e-05,3.852972584333684e-06,4.246490342844137e-05,0.9998795446456992,3
0.0003811925319225145,1.4064795378034324e-17,8.712765985948406e-18,0.9996188074684004,3
0.00030407918792027343,4.742462334827297e-12,9.64168530009062e-11,0.9996959207110616,3
0.0004823133869449126,2.2608083108755011e-07,2.4505579346662268e-05,0.9994929549530661,3
0.00419169510106538,5.357790978252726e-09,3.0033519253493937e-05,0.995778266021734,3
0.04093554694966499,1.1836445185347793e-08,0.0005343458322686386,0.9585300953816801,3
0.3292628710351582,1.6386467212793887e-18,3.2680570621399673e-13,0.6707371289641055,3
0.5613308252329932,1.314404882087561e-08,0.014825616493250954,0.42384354512995304,3
0.9749327742119488,1.1709666361129866e-09,0.0037746478508023803,0.02129257676648361,0
0.9626641795270054,1.0854888757499124e-08,0.036005153817644485,0.0013306558004333863,0
0.9995185493802631,1.339441797325813e-13,1.8579494575562584e-06,0.00047959266991172075,0
0.3576241323714115,7.050731816982508e-12,0.6423169566727372,5.89109490389093e-05,2
0.33162129158356257,1.439553040393212e-08,0.6683441057964062,3.458822476772487e-05,2
0.6860505898304633,7.195439153046181e-10,0.3137965207980944,0.0001528886520489078,0
0.7382525985533005,1.045960451589332e-12,0.26174245020697284,4.951238254205987e-06,0
0.7650496732044072,2.4202902506524986e-14,0.2349502066624085,1.2013322002163535e-07,0
0.9996407970831468,1.0594566157776247e-17,0.000359159572113662,4.334484527959608e-08,0
0.9981665918321816,8.928146961503413e-19,0.0018333699117963102,3.825596626876238e-08,0
0.9119968667848196,1.1713060565817559e-17,0.08800311271871906,2.0496301583484096e-08,0
0.9456567992293632,1.2463436988014444e-15,0.05434318979522592,1.0975269926318304e-08,0
0.999990044215784,6.904682064456253e-20,9.943649905163104e-06,1.2134502259822075e-08,0
0.9998273022293608,8.159664408346914e-21,0.00017268560424253993,1.216677623868863e-08,0
0.984713174213693,3.066917789538199e-18,0.015286759332008255,6.645457494816286e-08,0
0.9999526082154082,8.383286341856802e-20,4.739060838442028e-05,1.176469006115977e-09,0
0.9602196897711779,1.6810206211283865e-20,0.03978030769236517,2.5365994901298575e-09,0
0.9723428636189838,9.112939066224977e-16,0.027657130061220975,6.3193661785696035e-09,0
0.9999701459346289,5.247443731818071e-17,2.9848700522854422e-05,5.364652814405598e-09,0
0.986060279263046,3.1681556603917383e-19,0.013939632307581556,8.842901071302152e-08,0
0.721522839477091,8.401227192677592e-17,0.2784770465520982,1.1397110219261341e-07,0
0.7430536987724284,4.1607165120851536e-17,0.2569463009399954,2.875861936295356e-10,0
0.9999999949586709,6.897029327164916e-31,3.972339992045548e-12,5.03706255309132e-09,0
0.9999952772107119,9.75137128016864e-31,4.722774184170164e-06,1.4978845460085112e-11,0
0.9999994940673248,1.405320807036714e-24,5.059318535669812e-07,1.1830293690030204e-12,0
0.9970745856953945,8.521130026637486e-27,0.0029254143032402436,1.6424688340483525e-12,0
0.9999999999990905,3.696668634335386e-33,2.1228263606601893e-20,5.57738256839914e-13,0
0.999999919349651,2.4003701094788896e-37,8.063703772772372e-08,1.3096099365809207e-11,0
0.9999780100123131,7.885808195171409e-31,2.1989983188245413e-05,4.8185904307431665e-12,0
0.999999954330634,2.4526755662556072e-30,4.566272600190716e-08,7.031446199432353e-12,0
0.999781619606138,1.2018952758127721e-26,0.00021838038493757927,8.773779819604935e-12,0
0.9999658469589725,1.7867205162334932e-20,3.4152000468770206e-05,1.0404039365095464e-09,0
0.9993701217875811,6.82279764437705e-20,0.0006298749904070874,3.2223496607516974e-09,0
0.9884152995711364,9.171321984601948e-20,0.011584675875882825,2.455333832181812e-08,0
0.9286972648185371,8.149020648294584e-17,0.0713027329272888,2.254359916721597e-09,0
0.9815562070762609,6.668950081739844e-16,0.01844377407800252,1.8845486333239633e-08,0
0.9964920185502933,8.198904492206918e-17,0.003507973661674056,7.788143208057427e-09,0
0.9791623111845592,2.2136207901052163e-17,0.020837416057129843,2.727585185982474e-07,0
0.8999011702721249,2.8466456540181247e-13,0.10009878591257773,4.381513445745753e-08,0
0.9276742987059017,1.3843192677429327e-11,0.0722954944135927,3.0206866307243713e-05,0
0.8615101305354315,3.7901255033821585e-12,0.13833892983593316,0.00015093962500549904,0
0.07565527443746188,1.0770882711711211e-12,0.9243229840297014,2.1741531484940274e-05,2
0.006817571585177359,1.8045730506630812e-12,0.9931819697953967,4.5861772386773354e-07,2
0.0030899782826646735,7.618939546554974e-12,0.9969098444543478,1.7725527045948068e-07,2
0.008678311243728889,5.6713158820088865e-12,0.9913212887790017,3.9997176584838693e-07,2
0.139575812204319,9.445319734518367e-13,0.8604235817286855,6.060663642700507e-07,2
0.9999997835311895,2.6543545208473456e-19,6.437502130558939e-09,2.10031410670689e-07,0
0.9999999369847521,9.512062276837464e-25,2.080462525397616e-09,6.093476218673934e-08,0
0.9999872601631323,2.4011894479712792e-20,1.1503649607704202e-05,1.2361868516618294e-06,0
0.99996037094333,1.7220803526169885e-17,3.552758541177572e-05,4.101470931494733e-06,0
0.9999875044494173,3.745407861553812e-20,8.162381008528563e-06,4.3331696859859e-06,0
0.9808171293319364,2.6362213720673653e-18,0.019182715942990675,1.547254343473369e-07,0
0.9767076861477442,3.909918148286248e-18,0.023292311907144852,1.9448476465379055e-09,0
0.9462874654194819,7.937953297286257e-17,0.05371253289676327,1.6835868417210774e-09,0
0.9594523149754017,2.7306744586904973e-16,0.04054768258398812,2.4405218382119516e-09,0
0.9628012923292787,1.4195904412891454e-14,0.03719870418370697,3.486924792270902e-09,0
0.9963854842611264,1.654512553226753e-14,0.0036136536058605446,8.621328282333828e-07,0
0.9962558986495476,1.6255593872365158e-14,0.003743045821222234,1.0555289953798728e-06,0
0.9965452835937577,1.085058251291442e-12,0.003452901572201225,1.8148328992832008e-06,0
0.9942165552776233,1.145801094145788e-14,0.005781446836990013,1.9978855587669217e-06,0
0.921234607847368,7.736750952792386e-15,0.07876505658347364,3.3556882115407634e-07,0
0.8759126034523849,5.283923392167898e-14,0.12408354596266775,3.850584706428346e-06,0
0.4700097342421021,2.2496256341362904e-13,0.5299800187592035,1.0246998686648502e-05,2
0.3564777204213635,5.860323735030393e-11,0.6435177444052571,4.5351150482611e-06,2
0.3699770075228962,6.002064691884998e-12,0.6300048994908424,1.8092980061837735e-05,2
0.017429015481439297,2.2156981699441225e-10,0.9825408985709928,3.008572580468776e-05,2
0.006805610914399156,1.8534385119880578e-09,0.9931828434479364,1.1543783794930229e-05,2
0.015104015918466438,6.334521946695026e-09,0.9848549982885472,4.097945822611905e-05,2
0.027544021586135004,1.4745583368300483e-07,0.972357968598838,9.78623591540556e-05,2
0.19058681387546647,1.4826147676008855e-08,0.805348088710932,0.004065082587022522,2
0.14000010394538223,2.0084183654631599e-10,0.8568392182005777,0.0031606776535388886,2
0.007713348269418128,2.322428232938637e-09,0.9921740208395684,0.00011262856813619799,2
0.012003100081728306,2.0338429992967346e-09,0.9879547271716667,4.2170712682664624e-05,2
0.01426459324212374,6.921992017991962e-11,0.9857081335917949,2.727309725525724e-05,2
0.000630668305875995,2.6136267201643335e-10,0.9993669804350575,2.350997565038648e-06,2
0.0012879323719351557,3.2286937310485224e-10,0.9987080092329575,4.058072546635663e-06,2
0.007189634102560884,1.728195038002292e-11,0.9928091404524804,1.2254272766091228e-06,2
0.06582688194843755,1.1870671264019902e-14,0.9341728267983277,2.9125294606104716e-07,2
0.9999998697712811,2.394521244457804e-24,1.2806850680405544e-07,2.160468412180143e-09,0
0.999904964433496,8.141484999932509e-26,9.503505432623356e-05,5.119720193218862e-10,0
0.9999999999517968,1.7577097458378238e-34,1.0181859981597584e-16,4.8020711293373404e-11,0
0.9999921649230135,4.92854944615101e-27,7.818164943132797e-06,1.6911758622931705e-08,0
0.9999995872513806,1.4878077939933287e-19,3.681823248282795e-07,4.4566554914841265e-08,0
0.9995672815938208,2.6477023448846095e-16,0.0004295432762737541,3.1751298787266256e-06,0
0.994566369860358,1.1009732082390284e-12,0.00543032142078824,3.3087175755027734e-06,0
0.9999777653018039,4.550452549501404e-16,8.261386018245534e-06,1.397331192890924e-05,0
0.9934692574597225,1.9964672816306618e-16,0.006525409764111772,5.332775714248462e-06,0
0.12802867744655128,5.567367901780347e-16,0.871970772915919,5.496377431197299e-07,2
0.07171169827567134,1.6104632391645286e-14,0.9282881200410408,1.8168353255579888e-07,2
0.06640671142398193,6.808916480287693e-14,0.9335932271212852,6.145491330262011e-08,2
0.11662596244776399,8.389755713954139e-16,0.8833740307143584,6.8381358213925e-09,2
0.20321011712241016,8.444142122851341e-14,0.7967898604153874,2.246235951446991e-08,2
0.5416254562346332,3.091017241326938e-14,0.4583744505570283,9.32082156651739e-08,0
0.8410392620744314,3.363688570300771e-14,0.15896060468222073,1.3324362350560133e-07,0
0.7779431445749552,3.4645557116455197e-15,0.22205684817127785,7.2536824257467605e-09,0
0.8846864499927756,6.507817556984907e-17,0.11531349582689769,5.4180185576097556e-08,0
0.8762130053522722,7.327271507985868e-16,0.12378698855446688,6.0928507566684455e-09,0
0.9397466719060841,1.4818289421024302e-16,0.06025332635006223,1.7434227033993914e-09,0
0.9999998910834679,3.581965621468861e-21,1.070788934203953e-07,1.8374278850261845e-09,0
0.9904756943891885,9.17979959888568e-25,0.009524304821228602,7.895086753124631e-10,0
0.9441172439617326,4.354998443732323e-19,0.05588275593943152,9.9147431869626e-11,0
0.9331874103500829,2.0173448212685281e-22,0.06681258964912823,1.2123257622438288e-12,0
0.9999911182261424,2.1109853287509406e-21,8.881771892715673e-06,1.5297077982699858e-12,0
0.9937710925891091,2.5626936247623728e-22,0.006228907322184012,8.82819039062622e-11,0
0.9971406355189087,2.3822390045341525e-19,0.0028593644748078875,6.510226612863291e-12,0
0.9968042742957719,1.050277887411423e-18,0.003195725588168821,1.157812275928792e-10,0
0.9558978931674095,1.5384581005224719e-19,0.044102106616845174,2.1559197719013648e-10,0
0.656043748210179,4.644388530561282e-19,0.34395625129273577,4.969594369481199e-10,0
0.34501535336122224,4.935126240462598e-16,0.6549846451311915,1.5072915586635024e-09,2
0.3499835720564513,3.353260643968266e-16,0.6500163909032504,3.704051820547842e-08,2
0.18578542242028373,1.0689448933225e-15,0.8142145744626501,3.1173477039167162e-09,2
0.1409547272688517,1.2255996573451324e-16,0.859045272720893,9.945294583732905e-12,2
0.029264980795658174,4.144373935757796e-18,0.9707350192035462,4.0919789641327096e-13,2
0.03392235655574301,2.142030908522807e-18,0.9660776434440703,4.354751796443995e-14,2
0.1948639495080067,3.578111653259567e-23,0.8051360504910179,9.802259224846442e-13,2
0.999998783379682,3.594792584189757e-24,1.216619897915689e-06,2.1247729457948484e-13,0
0.9657244362899199,7.200171271581946e-26,0.03427556370833785,1.320047875617978e-12,0
0.9999998658240746,1.3075394152556213e-25,1.3415832774247636e-07,1.747567258960793e-11,0
0.9409061339287309,4.0224300875836146e-26,0.05909386605963113,1.1423832279969203e-11,0
0.9999103164291491,1.09365388940044e-20,8.968353408280062e-05,3.71785119121493e-11,0
0.997341625105825,1.6838160878341276e-22,0.0026583748884054332,5.614592474902369e-12,0
0.9998742248540379,5.303190581568197e-23,0.0001257751459891285,1.0435336465903889e-13,0
0.9999940742539406,1.2476088648870962e-25,5.9257325343681285e-06,1.3423817744845402e-11,0
0.20295056040255985,4.933445073015447e-24,0.7970494395927533,4.767020686951122e-12,2
0.08532737515237275,1.6373985334280893e-16,0.914672624816406,3.155650307596443e-11,2
0.009580740711896954,3.033320938579183e-17,0.9904192592833989,4.36048414657827e-12,2
0.0026999183926035295,1.2248006396489846e-16,0.9973000815821935,2.497293714855699e-11,2
0.004226984503442977,1.3964259357227308e-16,0.9957730154496666,4.687735810089823e-11,2
0.017930165954932863,6.080315979289243e-16,0.9820698339836402,6.151456160894783e-11,2
0.18947498159331158,3.531913448357237e-15,0.8105250081800502,1.0226251891200377e-08,2
0.22713421715203935,6.003329646867384e-16,0.7728657811522662,1.6956089215887288e-09,2
0.42629525321713013,5.261870015703177e-16,0.5737047238368379,2.2945732100475935e-08,2
0.3445720890225608,6.010671794023467e-16,0.6554278784718433,3.250582638437003e-08,2
0.20966719919315202,1.7302454957444728e-15,0.7903327885906751,1.2216104538805988e-08,2
0.2732327714041053,5.962865803851145e-15,0.726767224602297,3.9931562225179e-09,2
0.4484031455664318,1.4649976299500803e-14,0.5515968414591063,1.2974120754768368e-08,2
0.8980611751742894,4.550541815654388e-16,0.1019386258681694,1.9895764336310442e-07,0
0.8654243552568026,2.0114678090642363e-12,0.13457541946787183,2.252729735007486e-07,0
0.8895086942360946,5.512977092173533e-11,0.11048966173885033,1.6439700856225312e-06,0
0.998881293162144,1.0396784750043885e-12,0.001092324829728689,2.6382006894721087e-05,0
0.9253124681746431,1.3185681330128372e-13,0.07467139759519462,1.6134230093600672e-05,0
0.9336102191909188,4.2051676075805924e-11,0.06638496966413039,4.81110277937119e-06,0
0.9679664333669336,1.1862314092443565e-12,0.03202766914201421,5.897489592284313e-06,0
0.8953552879485095,7.695107623404452e-13,0.10463901313233126,5.698918537508932e-06,0
0.8929896247391782,2.3952387151287906e-13,0.10701005037734367,3.248833154728324e-07,0
0.9999998993607784,3.8159470642922645e-26,3.022186848742139e-12,1.0063585750638128e-07,0
0.999999999998181,2.6131233863828053e-73,4.033017366757326e-66,1.737504691095985e-12,0
0.9999998844823561,1.2507102986979336e-28,2.8837706967529908e-08,8.667991136368752e-08,0
0.9999996420757001,4.629650536964123e-25,3.3473877761987356e-12,3.5792111878791936e-07,0
0.9991002569805283,1.7245906785048717e-18,0.0008984626617491423,1.280357680410811e-06,0
0.9999999977117113,4.9336601049303274e-39,4.45832107339396e-28,2.2881501175642946e-09,0
0.9999987836252452,1.2090917940899652e-24,9.436953912943927e-11,1.2162804781087904e-06,0
0.999990903033445,8.150005555855432e-17,6.984157806010348e-06,2.1128086535144966e-06,0
0.9999966457973507,2.8983708316797006e-19,3.0185094094447792e-06,3.356935092692045e-07,0
0.9999999968422344,3.858449881562567e-28,3.1402964709474194e-13,3.157891453005432e-09,0
0.9999991795606274,2.6775203617788223e-24,2.3470472434964784e-10,8.202047695019668e-07,0
0.9999940162048775,3.0185261661508046e-20,4.5781017986885485e-07,5.525985049685149e-06,0
0.9999999605370257,2.028956096802234e-20,3.5351014616495733e-09,3.592817533325753e-08,0
0.9808980174650327,7.350996271170772e-20,0.019101816823898558,1.6571113910992875e-07,0
0.9999999955334715,2.681489555099787e-26,2.758412322093848e-14,4.466470189637565e-09,0
0.9999995604322123,5.245054684650016e-23,1.035771237416991e-09,4.3853206634299395e-07,0
0.9999999253204833,1.657782392533685e-33,1.431325220235946e-25,7.467950289869352e-08,0
0.9999987027976431,1.7819728453374753e-26,2.672014070231064e-17,1.2972025782578812e-06,0
0.9999997539380577,2.3198325057459946e-31,6.24872805547246e-27,2.460621312745351e-07,0
0.9999822362083057,5.233668116920161e-21,6.521907203695454e-09,1.7757269837047078e-05,0
0.9999998899529662,7.304907634359497e-69,1.3557380279857126e-55,1.100467105891631e-07,0
0.9999999716810639,9.70439639741289e-31,2.5092827574041336e-22,2.831924281757626e-08,0
0.9999969342017423,1.3957718494941163e-19,1.6446083109479195e-09,3.0641533635525125e-06,0
0.9999791660490034,3.9097918630000383e-19,8.40081547953575e-08,2.0749943098882484e-05,0
0.9999769468051201,3.6670618124491856e-28,1.1356612808257108e-17,2.3053195025654e-05,0
0.999992911383401,1.904262883766636e-21,4.061662596828945e-09,7.084554940520418e-06,0
0.9999998651028454,3.604160465319682e-29,2.621832405956308e-13,1.348967168626786e-07,0
0.9999999998435669,1.46438693917034e-47,1.3314998340632827e-33,1.565194262407559e-10,0
0.9999998131488784,4.830564202992704e-26,2.485090385086088e-12,1.8684892434334896e-07,0
0.9999984730659723,2.919851816118048e-19,6.175362650650907e-07,9.093981917011601e-07,0
0.9999998694002074,1.4378166984698663e-27,6.092589442961607e-14,1.3059966659968625e-07,0
0.999999984922397,1.4380196112011186e-35,6.237640755212128e-20,1.5077949405465253e-08,0
0.9999987766612528,7.291867484368102e-24,1.1174179197284633e-06,1.0592113231317884e-07,0
0.9998732437441092,2.2676366808447052e-20,0.00012674348896699687,1.2766648666379811e-08,0
0.9999892437268553,3.5610981439394006e-19,1.0730235343229968e-05,2.6037575570856788e-08,0
0.9999990469218568,1.161016092691779e-24,9.435268402207929e-07,9.551596660141414e-09,0
0.9999999999799911,1.0788679057408191e-37,1.8427142369721517e-12,1.833453303825762e-11,0
1.0,2.838015444534374e-71,4.396095142104062e-41,2.9893187955640183e-16,0
0.99999999751617,9.132673059481942e-40,2.483666899546867e-09,3.643480194992296e-14,0
0.9890224179448126,2.7669178198848875e-29,0.010977582055206726,3.4900284419337847e-14,0
0.9986572484466479,1.6362076640342629e-21,0.0013427515535404792,8.876885047109154e-14,0
0.9991154884284207,3.859182890268865e-26,0.0008845115718421588,1.081147517845231e-13,0
0.9999999994679456,6.0289510232025445e-27,5.319820431457609e-10,7.756214412987665e-15,0
0.9999577457725286,3.768956920380219e-29,4.2254227887697806e-05,1.641014329384459e-14,0
0.9236760835230053,1.2531429482247549e-24,0.07632391647675119,1.5994083301525722e-13,0
0.9957604945002658,1.2111008327169967e-27,0.004239505499665576,1.281545443468401e-13,0
1.0,8.082031691755829e-45,4.506442923201893e-14,5.0414113356025814e-15,0
1.0,2.430259190781155e-67,8.54863705385707e-34,1.2516737958923932e-18,0
0.9863973045321011,5.878651687332704e-41,0.013602695467889515,2.3811272054476543e-13,0
1.0,2.3707369491831057e-67,1.150198685120293e-33,1.2465996616696563e-15,0
1.0,9.301924767246762e-73,2.5187603958555456e-37,4.961750630224596e-22,0
0.9999998203302473,5.616584959367161e-48,1.7967006375634815e-07,5.488999988100104e-16,0
0.9999769035014385,1.0032281694371971e-35,2.3096498850323395e-05,1.1210885877394211e-14,0
0.9999999941346687,4.2143314432450425e-32,5.8657821918449614e-09,2.4697895758984537e-15,0
0.11254460909872344,3.06539401885301e-27,0.8874553909008293,2.1307810926868927e-13,2
0.06330458188529077,2.5709298750586135e-21,0.936695418114679,2.101144576246911e-17,2
0.09567483347475336,2.590132675773913e-23,0.9043251665247994,2.007257099946634e-18,2
0.9976520812963694,6.215948783252754e-24,0.002347918703600255,2.69523946394353e-17,0
0.9856080701465482,1.351315964592744e-23,0.014391929853738251,1.472286332411076e-14,0
0.9999658956116406,1.6333387778689958e-26,3.410438798419194e-05,1.8771851019592752e-14,0
0.999999993813617,1.357279778815192e-29,6.186605609571927e-09,6.889543622120343e-16,0
0.9999953858111482,1.3041464626964702e-31,4.6141883652994565e-06,1.079404255572878e-13,0
0.9999999988440322,9.894048265509999e-38,1.1560168258900105e-09,5.707403376980093e-14,0
1.0,8.092345809877755e-66,3.277302073190548e-36,1.4978829186103687e-16,0
0.999999999998181,6.756045249655374e-50,1.3810212970556898e-12,1.175228045921506e-13,0
1.0,1.4207580323077343e-43,2.8789003123010135e-14,5.214382408310331e-15,0
0.8578883518484858,2.3457340413364966e-30,0.14211164814819513,3.4603324206832064e-12,0
0.13902945237218975,1.58324026748031e-19,0.8609705476234988,4.045890995536492e-12,2
0.0705416579973247,2.3462002597257376e-18,0.9294583420013539,1.7509270278259252e-12,2
0.09257193168189568,4.1999497459552275e-16,0.9074280681945943,1.2395492457167144e-10,2
0.1633409033989859,6.086299156802667e-18,0.8366590965631319,3.747133437657585e-11,2
0.9999997694249297,7.058398262372156e-24,2.3000316609312544e-07,5.714517352473151e-10,0
0.9999999988658601,1.096006785982632e-28,9.589535526911889e-10,1.7522731533874e-10,0
0.9971802728118295,1.0115987196270658e-24,0.002819724912018947,2.2762023925650136e-09,0
0.999999992611265,9.976588632072582e-24,5.179821482313671e-09,2.209059182442128e-09,0
0.9970972790024472,2.2956466736413963e-21,0.002902704374477056,1.662313947819748e-08,0
0.9999998705043338,7.100530332424104e-26,1.2465726768361981e-12,1.2949455524165512e-07,0
0.9921269543236859,8.875963306988812e-22,0.007873000055520862,4.562039999854746e-08,0
0.9999999978244887,1.0791289670357882e-24,1.614741328167008e-09,5.609323007621402e-10,0
0.9999999923220457,6.44598050828242e-25,5.78278825530726e-10,7.100106687247984e-09,0
0.9999984635681337,4.075426622294207e-24,1.0254502507346503e-15,1.536432101476547e-06,0
0.9978060885762782,7.149744296153924e-16,5.710884631393928e-10,0.0021939108525249537,0
0.4437916557757919,4.625300359219615e-13,2.89813187850199e-05,0.5561793629051768,3
0.09890036807169829,2.2351466654183197e-06,0.014109664320878516,0.8869877324604677,3
0.08302899947096805,3.796984140380872e-15,5.364381876852751e-16,0.9169710005290383,3
0.0004696369172756617,6.244376817361271e-11,4.842630192740499e-10,0.9995303625362435,3
3.075168161085727e-05,9.593722045860151e-11,9.727356229523843e-11,0.9999692481250373,3
1.2739377622857004e-06,4.770281317610283e-05,0.00016530801447760759,0.9997857152341318,3
8.99018125850538e-06,1.3484629359896153e-07,5.643130228075799e-07,0.9999903106596442,3
2.869289978455992e-06,2.4661554368365764e-12,6.410968080590613e-11,0.9999971306438294,3
1.2621957816327496e-05,1.0501467409371747e-10,3.5917407415170487e-09,0.999987374345106,3
6.731686932650951e-06,8.679873291236082e-16,3.179297892271632e-14,0.9999932683130397,3
6.6788727131024284e-06,2.819641044936365e-07,7.835945786477197e-06,0.9999852032172997,3
2.36453904152117e-05,4.0160660968992733e-07,4.321945868042922e-06,0.9999716310571332,3
1.090913134530936e-06,3.0924445873516007e-07,4.6969793356604055e-06,0.9999939028634228,3
1.0916656957961579e-06,3.701757773250599e-05,0.00011251309312717173,0.9998493776634961,3
2.447130237362746e-06,1.6053004328752984e-06,6.454524665350864e-06,0.9999894930448966,3
9.330434791773838e-07,4.449455684912239e-08,7.501283229551617e-08,0.999998947448702,3
3.7815177010954767e-07,1.99895175448663e-05,6.206748392764266e-05,0.9999175648464197,3
9.096866437542192e-06,1.6976272828149917e-10,6.377420024950879e-11,0.9999909028997505,3
1.736072335749926e-05,3.5421524660969377e-06,1.1940946583304716e-05,0.9999671561773027,3
0.000261432625296335,4.4915360332139833e-10,1.1593164431358798e-10,0.9997385668092492,3
7.595086687654535e-05,1.2177030663740865e-06,0.0001874591222303751,0.9997353723074338,3
3.463144199489943e-05,3.372623524171273e-05,0.0018494419485777683,0.9980822003738075,3
7.056628873807947e-06,4.4832339164105273e-10,3.8868803023931e-10,0.9999929425342837,3
1.913173904550574e-07,2.3385889758503536e-10,2.611751194172447e-10,0.9999998081875858,3
2.294033561597037e-07,3.5818574083418036e-08,6.299886806476624e-08,0.9999996717788774,3
6.380615431806138e-07,1.3819818010820999e-08,6.175743753323655e-08,0.999999286361599,3
7.43191631089554e-07,1.649335162546587e-10,2.2995736771927543e-10,0.9999992564137792,3
1.2940131797552636e-06,1.2979162670280286e-08,1.0036021073004127e-06,0.9999976894059137,3
8.487179717243054e-06,1.6663013931638025e-05,0.0012379078279615915,0.9987369419779542,3
1.7440910553392945e-05,7.537854351994003e-06,0.0007555280264617218,0.9992194932088556,3
1.0343802640609584e-05,2.2598071610928975e-06,0.00044969882151140925,0.9995376975684691,3
1.7709357711628865e-05,3.87721778256721e-05,0.000914220588036368,0.9990292978762401,3
0.001141527118076165,1.7480163316325913e-14,2.03763283998896e-15,0.998858472881455,3
0.0001434102650917187,2.1860454911548413e-25,1.072479413879232e-24,0.9998565897345874,3
1.388808546356964e-05,1.1971629081280816e-05,4.392523236036664e-05,0.9999302150530655,3
3.400726701937261e-06,4.907098749650089e-07,6.864288352797769e-06,0.9999892442752746,3
1.303041706578058e-05,3.4174809459969338e-06,7.696826579695898e-06,0.9999758552753475,3
2.2964132983774937e-06,1.0768787713019442e-05,0.000108011444901219,0.9998789233539589,3
3.352877754082712e-06,6.535478250023736e-06,0.00013034128087729082,0.9998597703630385,3
1.7144073318633917e-05,3.6171721484036705e-07,3.270944609063028e-07,0.999982167115223,3
2.6227350312488223e-06,1.593112987044855e-05,7.497606425912402e-05,0.9999064700709641,3
3.5340678376640803e-07,6.483497766223617e-05,0.00015466564251015344,0.9997801459728897,3
2.4686848425225964e-07,1.2683660441273106e-05,3.8313844518260706e-05,0.9999487556267016,3
1.8049496376913916e-07,2.1860035901975344e-06,1.5348893354989105e-06,0.9999960986118529,3
3.81696697502903e-07,4.715112729761054e-07,3.9745428377861066e-07,0.9999987493373372,3
9.158456141611337e-07,3.091752945102007e-07,1.1844950320871678e-08,0.9999987631343548,3
1.470881550917634e-07,3.3506956095725175e-05,2.134199114837672e-05,0.999945003964815,3
1.1673925295666867e-07,0.00010533510140374726,0.00010231146190264118,0.9997922366972684,3
1.9195047363842582e-07,1.0849070435354693e-07,3.13479713936997e-09,0.999999696424357,3
4.779966778629442e-08,9.549060957910254e-08,2.683595794909778e-08,0.9999998298735735,3
3.032737403573193e-08,0.0001436429616744008,3.6881096613251614e-05,0.9998194456139887,3
3.6733050412757075e-08,0.00015982120861635362,1.736396861130402e-05,0.9998227780893595,3
8.041758261827727e-08,2.4991767076033323e-06,1.6681116876399402e-07,0.999997253594435,3
3.3359435288574793e-07,4.2605036305700244e-20,2.538156126554887e-21,0.9999996664055845,3
7.876774793058185e-09,0.0003484284685220564,2.8352582355288967e-05,0.9996232110719454,3
4.750544407585946e-08,0.00013726750413888827,8.855092377924048e-06,0.9998538298978582,3
2.8058385803238153e-08,1.677533041219966e-05,1.260547355682298e-06,0.99998193606406,3
1.7418689147384555e-08,4.388678693957069e-06,1.3263565451670583e-07,0.9999954612670309,3
1.3187626048115002e-07,2.113355763887064e-05,3.95770550593795e-07,0.9999783387956571,3
1.1116610584754123e-08,4.293558444829639e-05,2.6127862494154398e-06,0.9999544405128695,3
2.4588119029106808e-08,6.909775840730933e-06,2.7060089803719785e-07,0.9999927950353038,3
5.550340838193e-08,0.00019589071321583643,7.016567663821517e-07,0.9998033521269981,3
1.1688455230907398e-08,0.0029485221453676986,1.3888634479967792e-05,0.9970375775314388,3
3.755055653054226e-09,0.00739788685000033,6.100877529267951e-05,0.9925411006200433,3
1.9814574168906634e-08,0.0038661576725791684,2.5829740090486423e-05,0.9961079927723389,3
8.708743154414907e-07,2.4046739551000485e-07,2.884757559909783e-10,0.9999988883698091,3
2.637895057202627e-07,4.247862571050305e-11,3.0541255640086222e-12,0.9999997361647167,3
3.347543002842977e-08,4.1336298964208796e-07,5.300736831192321e-08,0.9999995001545697,3
2.9204038290510993e-08,0.00024992485492318964,4.500358585410762e-05,0.9997050423554987,3
8.36301752335764e-08,0.0002660462302358027,8.27167382145388e-05,0.999651153401391,3
5.698455969327833e-08,0.00014521140381855714,5.8775893635441456e-05,0.9997959557182962,3
3.310625824257182e-07,2.9667898179805944e-05,1.4490062435022087e-06,0.999968552033084,3
6.595397071122653e-08,6.33200568532091e-05,1.306472168620972e-05,0.9999235492671956,3
2.424114850870516e-08,0.00014810036047087154,2.1629328649590316e-05,0.9998302460697003,3
7.798077851145676e-08,1.9882167916789784e-05,5.063515883114917e-06,0.9999749763358103,3
2.67292961457738e-08,1.9900657275292647e-08,2.232578981887459e-10,0.999999953146472,3
4.0782817718990963e-07,2.402249818049242e-22,9.137989676728402e-26,0.9999995921717449,3
1.7028629649850492e-07,1.0059811590541034e-18,2.357228852153979e-22,0.9999998297135025,3
2.063637573924312e-09,0.0011002747580778796,2.1901403576758654e-05,0.9988778217748779,3
1.7970844817994516e-08,5.3918004468603635e-06,1.1478877526566814e-07,0.9999944754397612,3
3.45301590547261e-05,9.01559297375295e-24,1.7947027230800574e-24,0.9999654698408508,3
1.7103148290918936e-07,9.340642297516882e-06,2.419035926841436e-06,0.9999880692905698,3
4.219837399056735e-05,5.6952533612145996e-30,5.64504348550505e-28,0.9999578016258777,3
5.2160010578742165e-08,1.9000394554781048e-10,2.4394478096475732e-11,0.9999999476258394,3
2.7842287492169765e-08,2.5358039850752187e-08,6.723378490790443e-09,0.9999999400761244,3
5.985669757309706e-08,3.227590461855749e-05,1.6512511933871733e-06,0.99996601298794,3
9.458543519680206e-08,4.11476476772832e-09,1.746134086016997e-09,0.9999998995535911,3
2.777078930981625e-07,1.3729951482586786e-05,1.057007061855175e-05,0.9999754222700118,3
5.575030417986308e-07,8.619932448746008e-07,1.405689193903874e-06,0.9999971748142233,3
2.2963730776665048e-07,7.695932474460827e-05,9.782412505376514e-05,0.9998249869129313,3
4.96531458629555e-07,1.6137393313026447e-05,1.3987679320642675e-05,0.9999693783961511,3
1.1084754700312694e-05,1.5271721223324904e-17,1.914205627992346e-18,0.9999889152455125,3
3.4326515609950147e-07,1.1266270685296828e-06,1.7112287198929437e-06,0.9999968188790838,3
2.4737109125407723e-07,1.7212657423849954e-10,1.6685994771811711e-10,0.9999997522900537,3
2.20183486667169e-07,4.94195700498384e-06,5.544229367342426e-06,0.999989293630294,3
6.154233241177316e-07,1.2567378486999008e-07,1.3219598200455832e-07,0.9999991267072067,3
2.1619218277630157e-07,1.3851832277178978e-05,4.054279873254962e-05,0.9999453891765548,3
2.47464500682242e-07,1.6985008807006625e-05,4.979809659430757e-05,0.9999329694303166,3
1.8835157332115207e-07,2.655291193743675e-06,8.456395674398887e-06,0.9999886999614312,3
4.541784730342356e-07,1.6658912499410484e-05,1.5996142039636503e-05,0.999966890767307,3
1.200957431118295e-07,1.7375431260076042e-07,2.052683819193758e-08,0.9999996856232013,3
1.0717183731808734e-06,1.0235667382950462e-11,6.765118311509837e-13,0.9999989282711171,3
5.8816398823967515e-08,4.634382628977367e-08,5.287377576515592e-09,0.9999998895527885,3
1.0803531231032192e-08,6.2606529956524e-05,1.5179993791513403e-06,0.9999358646668314,3
1.2555690534592748e-08,0.0009246840452653223,2.3106486392261552e-05,0.9990521969128159,3
1.4556408140213006e-08,0.0015514300060586992,3.7771635943415564e-05,0.9984107838013704,3
1.5271835747705496e-08,0.0016032524253602838,5.780350860322979e-05,0.9983389287942783,3
6.990808670256755e-08,2.7868271279716283e-05,4.791786134167298e-07,0.9999715826424669,3
6.569475330183869e-08,7.536423362833581e-07,2.9981501398883624e-08,0.9999991506814664,3
2.3645838119094702e-08,0.00012332100427262684,2.1758096432668285e-05,0.9998548972536104,3
8.926737568127647e-08,7.985939859009145e-07,3.005674792361442e-08,0.9999990820819796,3
2.1809200373411048e-08,5.04137849905407e-07,1.3208326192835647e-07,0.9999993419698858,3
1.8681987344346058e-08,3.377112751550873e-06,2.4675287195423174e-07,0.9999963574521592,3
2.0053394121091536e-08,0.0004689956421033499,7.090426739144457e-05,0.9994600800373398,3
6.853605190069033e-08,0.0002338380417951811,3.827323115703467e-06,0.9997622660991499,3
2.759534448363512e-08,0.0003914978250541889,1.2741888227430464e-05,0.9995957326909283,3
1.3185099287367407e-08,0.00086483114018603,7.941696608752628e-05,0.9990557387084018,3
1.3960547717864724e-08,2.711217911921016e-05,8.815326392982053e-07,0.9999719923273486,3
3.01258140405513e-08,8.858443735115142e-08,2.9964920343145625e-09,0.9999998782932454,3
9.531090227056674e-09,0.0007359572930628573,3.489948627026653e-05,0.9992291336894209,3
7.94415492185375e-09,0.0007363413715373655,4.200274303477821e-07,0.9992632306567385,3
4.3557626068203216e-09,0.01031806723377458,2.9777218240871866e-05,0.9896521511921759,3
3.4304112186794657e-09,0.013842125623579308,5.873150067689142e-05,0.986099139445364,3
6.756054314869159e-09,0.009629941517678696,2.1220373393267427e-05,0.9903488313525005,3
4.3212307477358294e-08,0.004333875174075687,2.4397439509279357e-05,0.9956416841740293,3
8.808245733155049e-08,9.342883305006578e-05,1.6474476803660304e-07,0.9999063183396154,3
3.9210266907808915e-08,0.00026731195511252575,2.4027408188100717e-05,0.9997086214263138,3
3.574957768851653e-08,0.0005818884004031754,9.84516184416825e-05,0.9993196242317994,3
4.5616292182576175e-08,0.0001973445012494679,1.7814094780489547e-05,0.9997847957878672,3
3.075722569885408e-08,0.00015002728109850914,2.320592129652797e-05,0.999826736040446,3
6.606682880432506e-08,3.820345406849992e-06,1.5463822766206528e-06,0.9999945672054548,3
9.042217901698095e-08,2.1573231947923414e-08,1.536397698675866e-08,0.9999998726407365,3
1.163184288314136e-07,5.599184705525548e-08,1.76601541126531e-08,0.9999998100293123,3
3.3990736499835524e-08,0.0001997166992696267,5.411713033157599e-05,0.9997461321792243,3
4.032720163388137e-08,0.0002543652805175983,5.182337623192132e-05,0.9996937710161848,3
3.9556936933918226e-08,0.0006143762886515829,0.000130508141415094,0.9992550760130544,3
5.713557746506644e-08,0.0008009629063028094,0.0001309200078043956,0.9990680599498946,3
3.3525453001662844e-08,0.0004090160315031915,3.0245679306308747e-05,0.9995607047641215,3
2.7053656327972614e-08,0.00048042388428409094,6.384617933779319e-06,0.9995131644439446,3
1.4818697371988456e-08,0.0008487405157753581,9.457347588401901e-06,0.9991417873178943,3
9.543079013039052e-09,0.0014569977501595307,5.720206235744119e-06,0.9985372725007218,3
1.3802329521015057e-08,0.004991185566559679,1.0249525976151486e-06,0.9950077756787665,3
1.5213970760489046e-09,0.011263472603584053,5.63555970690935e-05,0.9886801702777466,3
9.525959553894846e-09,0.006201384460243449,5.520991888208678e-06,0.9937930850216916,3
3.3706078803735266e-08,0.00010724130005350339,4.553759808436781e-09,0.9998927204401656,3
4.786446915687398e-11,0.13372731570323507,7.742951270001525e-06,0.8662649412980451,3
2.0994344087690346e-13,0.9956381050508145,0.00016841712481996266,0.00419347782429843,1
1.2481303579202338e-14,0.9996983983508474,5.544088034680947e-07,0.00030104724063810046,1
4.256441293226316e-16,0.9999967807559164,7.331725021938401e-08,3.1459272271591617e-06,1
1.2601011469753796e-17,0.9999933940452963,1.7753429446457675e-09,6.6041792646246076e-06,1
3.016016065048111e-19,0.9999993514577283,9.255293385177342e-10,6.476166530986732e-07,1
1.613315556905605e-20,0.9999998470793915,4.658184285580686e-11,1.5287380824129265e-07,1
2.3698355771001754e-20,0.999999796868017,1.7997006329117992e-11,2.0311430021652786e-07,1
1.999431839403005e-17,0.9999934784476696,2.280028818581863e-11,6.521529754478881e-06,1
1.9783506576845274e-15,0.9998915702562513,1.1003606192810822e-09,0.0001084286437893672,1
1.8592587022842322e-13,0.9952676086837273,1.0602746972919866e-09,0.004732390256116067,1
1.3344845528413914e-11,0.9453828836257098,6.350969429588684e-08,0.054617052851415604,1
6.736120110137705e-10,0.005235074644864791,2.206029087403968e-09,0.9947649224756251,3
6.151524719712481e-09,0.003604266284995147,1.2806743217614877e-05,0.9963829208205024,3
2.5309435545476147e-08,0.00021144840288322324,1.0808064761690787e-06,0.9997874454813162,3
4.2782013854471094e-08,5.645628218080855e-05,1.155864479164438e-05,0.9999319422909165,3
6.890098889482244e-08,7.450378891655348e-05,4.466470345121318e-05,0.999880762606886,3
6.281456813734044e-08,6.362342832964669e-05,3.465934476015369e-05,0.9999016544120486,3
5.8102541451883915e-08,2.1661914756121113e-05,1.8234898253977603e-05,0.9999600450843454,3
6.894225005711434e-07,4.794143388442831e-06,2.8311782068572114e-05,0.9999662046519955,3
1.1224588520064674e-06,4.048844074498597e-06,1.4960150472625422e-05,0.9999798685465117,3
1.3713424913582625e-06,2.6072565747668497e-06,3.532474356198148e-06,0.9999924889261959,3
8.302125397813857e-07,3.54395330985906e-05,6.356717436519035e-05,0.9999001630803892,3
7.686609644221261e-07,2.2349057880397786e-06,3.66783787474935e-05,0.9999603180546724,3
6.416308915550495e-07,1.3588127262780176e-05,8.297793905139547e-05,0.9999027923023862,3
1.1656066263327232e-06,9.070048556380661e-07,9.839501820683986e-06,0.9999880878867863,3
1.6206877734724665e-06,7.246844230517541e-06,1.6816901437069385e-05,0.9999743155664643,3
1.3085875301424647e-06,3.295788105663268e-05,9.366264542240102e-05,0.9998720708863339,3
3.110566497229639e-06,1.2261544782501434e-05,2.3607300145191825e-05,0.99996102058896,3
5.718286965568045e-06,1.5509539832102415e-06,3.3828288229867025e-05,0.9999589024706136,3
2.8730417696934774e-06,6.18565110674147e-06,0.00112774635838428,0.9988631949486073,3
4.54675117332954e-06,1.7794909561475507e-05,0.002608564808192771,0.9973690935312514,3
1.1105168022904702e-05,8.582753548219085e-06,0.0024643322666062575,0.9975159798116192,3
1.1875480383563131e-05,8.543265850719864e-06,0.0036947461387293245,0.9962848351146468,3
9.335063916181956e-06,3.635264149264276e-05,0.0038794621997012596,0.9960748500946127,3
8.661824421844087e-05,1.968371912100303e-06,4.785862814842487e-05,0.9998635547553046,3
1.5318358284507167e-05,1.3227575628842353e-07,2.9301828365908907e-07,0.9999842563477299,3
3.245855739748679e-05,3.051768164522345e-06,5.9354087222087234e-05,0.9999051355868748,3
0.00046493370346606,2.0107496633353867e-08,0.0001856291657092801,0.999349417023616,3
0.001861962667153096,1.1679115442899353e-07,0.03149195470619954,0.9666459658355683,3
0.011098388609439317,7.497777142766107e-07,0.4418708743736015,0.5470299872395686,2
0.14144951054658578,8.598629612919789e-07,0.6095467363287922,0.24900289326194397,2
0.8617571062664092,5.4181725394192935e-11,0.09269613570191933,0.045546757977752206,0
0.7956378442526048,3.6263481413904517e-12,0.19915893274376498,0.005203222999860574,0
0.6045931701839576,1.536742055194648e-14,0.3953961639249494,1.0665891217374209e-05,0
0.3097324662318192,1.3076761108285457e-13,0.6902660000816345,1.5336862728043389e-06,2
0.20974223019247737,2.154246904911416e-14,0.7902553804236458,2.389383856439884e-06,2
0.044260947158854244,1.251413641136077e-13,0.9557385951282042,4.57712387111397e-07,2
0.024949346709515,6.62620338116079e-14,0.9750505931387458,6.015205414375993e-08,2
0.05571395598195431,1.7493981125410608e-13,0.9442860056310545,3.838647945067726e-08,2
0.13739340311282966,1.5368629037450642e-13,0.8626063879471977,2.089397746560539e-07,2
0.3641894535944713,3.8706216403346537e-14,0.6358102158135315,3.305921298715728e-07,2
0.4115294710413616,3.553699267134408e-14,0.5884704962007964,3.2757390487478114e-08,2
0.7606821621367892,9.932190836952914e-14,0.23931774797564978,8.988777690907405e-08,0
0.7910484548808869,2.260169313999289e-14,0.20895151228389666,3.283506375935276e-08,0
0.8745928496835167,1.545286303897437e-13,0.12540713633583697,1.3980225769269257e-08,0
0.9408620935490829,2.939966438752211e-14,0.059137454962473905,4.514884804921271e-07,0
0.8529900329106258,8.288144669349966e-16,0.14700954239237463,4.2469688803383026e-07,0
0.7658281285041912,2.1787895609117324e-14,0.23417171340755719,1.5808843145234358e-07,0
0.4881171803730227,4.3680919421889415e-14,0.5118813793076767,1.4403197003073786e-06,0
0.28866402008347886,1.3581813716358597e-13,0.7113359294886166,5.04278590469469e-08,0
0.33753977655583517,1.7617999423120945e-13,0.6624599118930785,3.115506735472112e-07,0
0.36827805880473474,4.4047274639877794e-14,0.6317219176203901,2.3575015876864405e-08,0
0.9522264076451158,6.616807876741461e-14,0.04777348758498704,1.0476954855080499e-07,0
0.9333358996602332,5.19706274809318e-15,0.06666405413806047,4.6201864447908364e-08,0
0.933329094102531,5.347848939801955e-16,0.06667085313188877,5.27653926831321e-08,0
0.9019690253349715,1.0657553279584872e-15,0.09803095305249,2.1612946829401095e-08,0
0.9999929880223412,2.4900147678562625e-17,6.995412894821884e-06,1.656501951523714e-08,0
0.9999913448756916,1.1702409045910225e-19,8.642876163018895e-06,1.224836648928416e-08,0
0.9983312414066803,4.96466210665794e-20,0.0016687301713928858,2.842195313810626e-08,0
0.9911026147780362,3.689807045678734e-15,0.00889736784040151,1.738143241293165e-08,0
0.998723144214607,2.0200385510439378e-16,0.0012766499408998562,2.0584463922214417e-07,0
0.8395174975757383,7.12703312238637e-11,0.16045744200591827,2.506034666075533e-05,0
